METHODOLOGY;ALGORITHM;FORMULA;PNAME;PDESC;UNIT;RSTART;REND;STEP;DVALUE;TYPE;TYPE2;SORTA;SORTM;CONT
METHOD1;ALL;;;;;;;;;;;;;
METHOD1;ALGORITHM1_1;ALL;AccessTechnologyOptionsSet.MediumTypeOfSL;Type of transmission medium for the organization of subscriber lines ;(1 - wireless, 2 - copper, 3 - fiber-optic);1;3;1;1.00;ID;ID;6;6;
METHOD1;ALGORITHM1_1;FORMULA_1_1_1;GeographicalParametersSet.Square;Total area of the object (design area);sq km;1;1000;0.1;10.00;ID;ID;1;1;
METHOD1;ALGORITHM1_1;FORMULA_1_1_1;GeographicalParametersSet.BuiltupArea;Percentage of build-up area of the object;%;1;100;1;50.00;ID;ID;2;2;
METHOD1;ALGORITHM1_1;FORMULA_1_1_2;GeographicalParametersSet.Square;Total area of the object (design area);sq km;1;1000;0.1;20.00;IM;;;;
METHOD1;ALGORITHM1_1;FORMULA_1_1_2;Intermediate.BuiltupArea;Build-up area;sq km;1;1000;0.1;10.00;IM;;;;
METHOD1;ALGORITHM1_1;FORMULA_1_1_2;GeographicalParametersSet.ReliefCoef;Coefficient of considering the terrain relief (the ability to reduce or increase the signal range for wireless technology due to the features of the terrain relief);coeff;0.1;2;0.1;0.6;ID;ID;3;3;
METHOD1;ALGORITHM1_1;FORMULA_1_1_2;AccessTechnologyOptionsSet.RadiusEOA;Territory coverage area radius for one of AOE unit (maximum length of subscriber lines, distance of signal propagation in the absence of buildings, etc.);km;0.1;40;0.1;0.5;ID;ID;7;9;
METHOD1;ALGORITHM1_1;FORMULA_1_1_3;Intermediate.BuiltupArea;Built-up area;sq km;1;500;0.5;5.00;IM;;;;
METHOD1;ALGORITHM1_1;FORMULA_1_1_3;DevelopmentParametersSet.PrivateHouses;Percentage of private (low-rise) dwellings;%;0;100;1;30.00;ID;ID;11;59;
METHOD1;ALGORITHM1_1;FORMULA_1_1_3;AccessTechnologyOptionsSet.RadiusEOA;Territory coverage area radius for one of AOE unit (maximum length of subscriber lines, distance of signal propagation in the absence of buildings, etc.);km;0.1;40;0.1;0.5;IM;;;;
METHOD1;ALGORITHM1_1;FORMULA_1_1_3;AccessTechnologyOptionsSet.ReduceRadius;Coefficient of reduction of the radius of coverage due to density of buildings and basic building materials;coeff;0.1;1;0.1;0.7;ID;ID;8;10;
METHOD1;ALGORITHM1_1;FORMULA_1_1_4;GeographicalParametersSet.Square;Total area of the object (design area);sq km;1;1000;0.1;10.00;IM;;;;
METHOD1;ALGORITHM1_1;FORMULA_1_1_4;GeographicalParametersSet.BuiltupArea;Percentage of build-up area of the object;%;1;100;1;50.00;IM;;;;
METHOD1;ALGORITHM1_1;FORMULA_1_1_4;DevelopmentParametersSet.BuildingDensity;Building density;buildings/sq km;1;100;1;5.00;ID;ID;12;60;
METHOD1;ALGORITHM1_1;FORMULA_1_1_4;DevelopmentParametersSet.AverageFloorsLowrise;Average number of floors in a middle-rise building;floors;1;10;1;3.00;ID;ID;13;61;
METHOD1;ALGORITHM1_1;FORMULA_1_1_4;DevelopmentParametersSet.LowriseMultifamily;Percentage of middle-rise multi-apartment buildings;%;0;100;1;40.00;ID;ID;14;62;
METHOD1;ALGORITHM1_1;FORMULA_1_1_4;DevelopmentParametersSet.AverageMultistorey;Average number of floors in a high-rise building;floors;5;30;1;9.00;ID;ID;15;63;
METHOD1;ALGORITHM1_1;FORMULA_1_1_4;DevelopmentParametersSet.MultistoryMultifamily;Percentage of high-rise multi-apartment buildings;%;0;100;1;30.00;ID;ID;16;64;
METHOD1;ALGORITHM1_1;FORMULA_1_1_4;AccessTechnologyOptionsSet.QuantityFloorsEOA;Number of floors covered by signal per one AOE unit;floors;1;4;1;2.00;ID;ID;9;11;
METHOD1;ALGORITHM1_1;FORMULA_1_1_5;Intermediate.BuiltupArea;Build-up area;sq km;1;500;0.5;5.00;IM;;;;
METHOD1;ALGORITHM1_1;FORMULA_1_1_5;AccessTechnologyOptionsSet.RadiusEOA;Territory coverage area radius for one of AOE unit (maximum length of subscriber lines, distance of signal propagation in the absence of buildings, etc.);km;0.1;40;0.1;0.5;IM;;;;
METHOD1;ALGORITHM1_1;FORMULA_1_1_6;Intermediate.BuiltupArea;Build-up area;sq km;1;500;0.5;5.00;IM;;;;
METHOD1;ALGORITHM1_1;FORMULA_1_1_6;DevelopmentParametersSet.BuildingDensity;Building density;buildings/sq km;0.1;100;0.1;5.00;IM;;;;
METHOD1;ALGORITHM1_1;FORMULA_1_1_6;DevelopmentParametersSet.PrivateHouses;Percentage of private sector (low-rise) dwellings;%;0;100;1;30.00;IM;;;;
METHOD1;ALGORITHM1_1;FORMULA_1_1_6;AccessTechnologyOptionsSet.NumberSubscribersEOA;Number of subscribers that can be served by one unit of AOE (number of subscriber ports, number of subscribers that form the maximum number of simultaneous connections. etc.);peoples;1;1000;1;50.00;ID;ID;10;12;
METHOD1;ALGORITHM1_1;FORMULA_1_1_6;DevelopmentParametersSet.LowriseMultifamily;Percentage of middle-rise multi-apartment buildings;%;0;100;1;40.00;IM;;;;
METHOD1;ALGORITHM1_1;FORMULA_1_1_6;DevelopmentParametersSet.MultistoryMultifamily;Percentage of high-rise multi-apartment buildings;%;0;100;1;30.00;IM;;;;
METHOD1;ALGORITHM1_1;FORMULA_1_1_7;PopulationOptionsSet.Population;Number of permanent residents living in the locality;peoples;1;10000000;100;10000.00;ID;ID;4;4;
METHOD1;ALGORITHM1_1;FORMULA_1_1_7;PopulationOptionsSet.TouristPopulation;Number of additional non-permanent residents living in this locality simultaneously;peoples;1;1000000;100;1000.00;ID;ID;5;5;
METHOD1;ALGORITHM1_1;FORMULA_1_1_7;AccessLevelOptionsSet.DemandTourist;Percent of non-permanent residents who are interested in broadband services;%;1;100;10;20.00;ID;ID;17;65;
METHOD1;ALGORITHM1_1;FORMULA_1_1_8;Intermediate.BaseNumberOfPopulation;Number of solvent population;people;1;10000000;100;10000.00;IM;;;;
METHOD1;ALGORITHM1_1;FORMULA_1_1_8;AccessLevelOptionsSet.Household;Nepotism rate (the average number of people in the family);people;1;10;1;3.00;ID;ID;18;66;
METHOD1;ALGORITHM1_1;FORMULA_1_1_8;DemandOptionsSet.PayableYounger;Percentage of solvent population of the younger age group (up to 25 years old);%;1;100;1;40.00;ID;ID;23;67;
METHOD1;ALGORITHM1_1;FORMULA_1_1_8;AccessLevelOptionsSet.DemandPopulationYounger;Percentage of the population of the younger age group (up to 25 years old) who are interested in broadband services;%;1;100;1;30.00;ID;ID;19;68;
METHOD1;ALGORITHM1_1;FORMULA_1_1_8;DemandOptionsSet.PayableAverageAge;Percentage of solvent population of the middle age group (from 25 to 55 years old);%;1;100;1;30.00;ID;ID;24;69;
METHOD1;ALGORITHM1_1;FORMULA_1_1_8;AccessLevelOptionsSet.DemandPopulationAverageAge;Percentage of population of the middle age group (from 25 to 55 years old) who are interested in broadband  services;%;1;100;1;30.00;ID;ID;20;70;
METHOD1;ALGORITHM1_1;FORMULA_1_1_8;DemandOptionsSet.PayableAdult;Percentage of solvent population of the older age group (over 55 years old);%;1;100;1;40.00;ID;ID;24;71;
METHOD1;ALGORITHM1_1;FORMULA_1_1_8;AccessLevelOptionsSet.DemandPopulationAdult;Percentage of the population of the older age group (over 55 years old) who are interested in broadband services;%;1;100;1;40.00;ID;ID;21;72;
METHOD1;ALGORITHM1_1;FORMULA_1_1_9;Intermediate.BaseSubscribers;Permanent residents for estimation of potential subscribers base;people;1;10000000;100;10000.00;IM;;;;
METHOD1;ALGORITHM1_1;FORMULA_1_1_9;AccessLevelOptionsSet.PopulationCoveredBroadband;Percentage of population using broadband services;%;1;100;5;40.00;ID;ID;22;73;
METHOD1;ALGORITHM1_1;FORMULA_1_1_10;Intermediate.Subscribers;Number of solvent population not covered by competitors (number of potential subscribers);people;1;10000000;100;10000.00;IM;;;;
METHOD1;ALGORITHM1_1;FORMULA_1_1_10;AccessTechnologyOptionsSet.NumberSubscribersEOA;Number of subscribers that can be served by one unit of AOE (number of subscriber ports, number of subscribers that form the maximum number of simultaneous connections. etc.);peoples;1;1000;5;24.00;IM;;;;
METHOD1;ALGORITHM1_2;ALL;AccessTechnologyOptionsSet.MediumTypeOfCL;Type of transmission medium for the organization of trunks of a distribution network;(1 - wireless, 2 - copper, 3 - fiber-optic);1;3;1;2.00;ID;ID;5;7;
METHOD1;ALGORITHM1_2;ALL;GeographicalParametersSet.Square;Total area of the object (design area);sq km;1;5000;0.5;10.00;ID;;3;;
METHOD1;ALGORITHM1_2;ALL;Intermediate.BuiltupArea;Build-up area;sq km;1;5000;0.5;10.00;ID;;1;;
METHOD1;ALGORITHM1_2;FORMULA_1_2_1;Intermediate.NetworkArea;Network area;sq km;1;5000;0.5;10.00;IM;;;;
METHOD1;ALGORITHM1_2;FORMULA_1_2_1;GeographicalParametersSet.ReliefCoef;Coefficient of considering the terrain relief (the ability to reduce or increase the signal range for wireless technology due to the features of the terrain relief);coeff;0;1;0.1;0.60;ID;;4;;
METHOD1;ALGORITHM1_2;FORMULA_1_2_1;AccessTechnologyOptionsSet.MaximumLengthCommunicationChannelDistributing;Maximum length of the communication link for the distribution segment;km;0.05;10;0.1;0.10;ID;ID;6;13;
METHOD1;ALGORITHM1_2;FORMULA_1_2_2;Intermediate.NetworkArea;Network area;sq km;1;1000;0.1;10.00;IM;;;;
METHOD1;ALGORITHM1_2;FORMULA_1_2_3;Intermediate.NumberOfAOEsPlaces;Total number of locations for AOEs installation;places;1;100;1;5.00;ID;;2;;
METHOD1;ALGORITHM1_2;FORMULA_1_2_3;AccessTechnologyOptionsSet.ReservationMode;Number of TEAPs ports required to connect one AOE;ports;1;4;1;1.00;ID;ID;7;14;
METHOD1;ALGORITHM1_2;FORMULA_1_2_3;AccessTechnologyOptionsSet.QuantityEOAToTEOA;Number of AOEs that can be connected to one TEAP;unit;1;100;1;24.00;ID;ID;8;15;
METHOD1;ALGORITHM1_3;ALL;AccessTechnologyOptionsSet.MediumTypeOfSL;Type of transmission medium for the organization of subscriber lines;(1 - wireless, 2 - copper, 3 - fiber-optic);1;3;1;1.00;ID;;2;;
METHOD1;ALGORITHM1_3;ALL;AccessTechnologyOptionsSet.MaximumLengthOfSLInBuildings;Maximum length of indoor lines;km;0.1;1;0.1;0.20;ID;ID;3;16;
METHOD1;ALGORITHM1_3;ALL;DevelopmentParametersSet.PercentOfExistingInternalCableDuct;Percentage of buildings covered by existing indoor cable ducts for cable laying;%;0;100;1;50.00;ID;ID;7;74;
METHOD1;ALGORITHM1_3;ALL;DevelopmentParametersSet.PercentOfExistingPillars;Percentage of infrastructure coverage for hanged-up cables;%;0;100;1;50.00;ID;ID;8;75;
METHOD1;ALGORITHM1_3;ALL;DevelopmentParametersSet.PercentOfExistingExternalDuct;Percentage of coverage of the territory of the locality with cable ducts for laying outdoor communication lines;%;0;100;1;50.00;ID;ID;9;76;
METHOD1;ALGORITHM1_3;FORMULA_1_3_1;Intermediate.Subscribers;Number of solvent population not covered by competitors (number of potential subscribers);people;1;10000000;100;10000.00;ID;;1;;
METHOD1;ALGORITHM1_3;FORMULA_1_3_2;Intermediate.SubscribersNear;Number of subscribers located in the near (30% of the maximum distance) zone from the AOE;people;1;10000000;100;1000.00;IM;;;;
METHOD1;ALGORITHM1_3;FORMULA_1_3_2;Intermediate.SubscribersMiddle;Number of subscribers located in the middle (60% of the maximum distance) zone from AOE;people;1;10000000;100;2000.00;IM;;;;
METHOD1;ALGORITHM1_3;FORMULA_1_3_2;Intermediate.SubscribersFar;Number of subscribers located in the far (100% of the maximum distance) zone from AOE;people;1;10000000;100;3000.00;IM;;;;
METHOD1;ALGORITHM1_3;FORMULA_1_3_2;Intermediate.NearLength;Near zone length;km;0.1;100;0.1;0.20;IM;;;;
METHOD1;ALGORITHM1_3;FORMULA_1_3_2;Intermediate.MiddleLength;Middle zone length ;km;0.1;100;0.1;0.40;IM;;;;
METHOD1;ALGORITHM1_3;FORMULA_1_3_2;Intermediate.FarLength;Far zone length;km;0.1;100;0.1;0.60;IM;;;;
METHOD1;ALGORITHM1_3;FORMULA_1_3_2;AccessTechnologyOptionsSet.RadiusEOA;Territory coverage area radius for one of AOE unit (maximum length of subscriber lines, distance of signal propagation in the absence of buildings, etc.);km;0.1;40;0.1;1.00;ID;;4;;
METHOD1;ALGORITHM1_3;FORMULA_1_3_3;Intermediate.LinesInBuildingsLength;Length of indoor subscriber lines;km;0.1;100;0.1;10.00;IM;;;;
METHOD1;ALGORITHM1_3;FORMULA_1_3_3;Intermediate.LinesOutsideLength;Length of outdoor subscriber lines;km;0.1;100;0.1;10.00;IM;;;;
METHOD1;ALGORITHM1_3;FORMULA_1_3_3;AccessTechnologyOptionsSet.AggregationInternalLines;Coefficient of lines aggregation to the cable for indoor lines;coeff;0.1;1;0.1;0.20;ID;ID;5;17;
METHOD1;ALGORITHM1_3;FORMULA_1_3_3;AccessTechnologyOptionsSet.AggregationExternalLines;Coefficient of lines aggregation to the cable for outdoor lines;coeff;0.1;1;0.1;0.20;ID;ID;6;18;
METHOD1;ALGORITHM1_4;ALL;DevelopmentParametersSet.PercentOfExistingPillars;Percentage of infrastructure coverage for hanged-up cables;%;0;100;1;50.00;ID;;8;;
METHOD1;ALGORITHM1_4;ALL;DevelopmentParametersSet.PercentOfExistingExternalDuct;Percentage of coverage of the territory of the locality with cable ducts for laying outdoor communication lines;%;0;100;1;50.00;ID;;9;;
METHOD1;ALGORITHM1_4;ALL;AccessTechnologyOptionsSet.MediumTypeOfCL;Type of transmission medium for the organization of trunks of a distribution network;(1 - wireless, 2 - copper, 3 - fiber-optic);1;3;1;2.00;ID;IM;3;;
METHOD1;ALGORITHM1_4;ALL;AccessTechnologyOptionsSet.MediumTypeOfCLAggr;Type of transmission medium for the organization of trunks of a aggregation network;(1 - wireless, 2 - copper, 3 - fiber-optic);1;3;1;3.00;ID;ID;4;8;
METHOD1;ALGORITHM1_4;FORMULA_1_4_1;AccessTechnologyOptionsSet.MaximumLengthCommunicationChannelDistributing;Maximum length of the communication link for the distribution segment;km;0.1;100;0.1;10.00;IM;IM;;;
METHOD1;ALGORITHM1_4;FORMULA_1_4_1;Intermediate.NumberOfAOEsPlaces;Total number of AOEs locations for installation;places;1;1000;1;5.00;ID;;1;;
METHOD1;ALGORITHM1_4;FORMULA_1_4_1;Intermediate.NetworkRadius;Network Radius;km;0.1;20;0.1;2.00;ID;;2;;
METHOD1;ALGORITHM1_4;FORMULA_1_4_2;AccessTechnologyOptionsSet.MaximumCommunicationChannelAggregative;Maximum length of the communication link for the aggregation segment;km;0.1;100;0.1;10.00;ID;ID;5;19;
METHOD1;ALGORITHM1_4;FORMULA_1_4_2;Intermediate.NumberOfTAOEsPlaces;Total number of TEAPs locations for installation;places;1;1000;1;5.00;IM;;;;
METHOD1;ALGORITHM1_4;FORMULA_1_4_2;Intermediate.NetworkRadius;Network Radius;km;0.1;20;0.1;2.00;IM;;;;
METHOD1;ALGORITHM1_4;FORMULA_1_4_3;Intermediate.LengthExternalCLDestribut;The length of the outdoor links of the distribution segment;km;0.1;100;0.1;10.00;IM;;;;
METHOD1;ALGORITHM1_4;FORMULA_1_4_3;AccessTechnologyOptionsSet.AggregationExternalLinesDistributing;Coefficient of lines aggregation to the cable for outdoor links of distribution segment;coeff;0.1;1;0.1;0.20;ID;ID;6;20;
METHOD1;ALGORITHM1_4;FORMULA_1_4_4;Intermediate.LengthExternalCLAggr;The length of the outdoor links of the aggregate segment;km;0.1;100;0.1;10.00;IM;;;;
METHOD1;ALGORITHM1_4;FORMULA_1_4_4;AccessTechnologyOptionsSet.AggregationExternalLinesAggregative;Coefficient of link aggregation to the cable for outdoor links of aggregation segment;coeff;0.1;1;0.1;0.20;ID;ID;7;21;
METHOD1;ALGORITHM1_5;ALL;AccessTechnologyOptionsSet.CostSN;Cost of special equipment of the switching node;currency unit;10;1000000000;1000;5000.00;ID;ID;12;22;
METHOD1;ALGORITHM1_5;FORMULA_1_5_1;Intermediate.NumberOfAOEs;Number of AOE units;unit;0;10000;1;50.00;ID;;1;;
METHOD1;ALGORITHM1_5;FORMULA_1_5_1;AccessTechnologyOptionsSet.CostEOA;Cost of one AOE unit;currency unit;50;1000000;100;200.00;ID;ID;13;23;
METHOD1;ALGORITHM1_5;FORMULA_1_5_2;Intermediate.NumberOfTAOEs;Number of TEAPs units;unit;0;10000;1;50.00;ID;;2;;
METHOD1;ALGORITHM1_5;FORMULA_1_5_2;AccessTechnologyOptionsSet.CostTEOADistributing;Cost of one TEAP unit;currency unit;50;1000000;200;400.00;ID;ID;14;24;
METHOD1;ALGORITHM1_5;FORMULA_1_5_3;Intermediate.NumberOfAOEsPlaces;Total number of AOEs locations for installation;places;0;100;1;5.00;ID;;3;;
METHOD1;ALGORITHM1_5;FORMULA_1_5_3;AccessTechnologyOptionsSet.CostMaterialsEOA;Cost of materials for arrangement of one AOE location;currency unit;0;1000000;100;200.00;ID;ID;15;25;
METHOD1;ALGORITHM1_5;FORMULA_1_5_4;Intermediate.NumberOfTAOEsPlaces;Total number of TEAPs locations for installation;places;0;100;1;5.00;ID;;4;;
METHOD1;ALGORITHM1_5;FORMULA_1_5_4;AccessTechnologyOptionsSet.CostMaterialsTEOA;Cost of materials for arrangement of one TEAP location for distribution segment;currency unit;100;1000000;200;400.00;ID;ID;16;26;
METHOD1;ALGORITHM1_5;FORMULA_1_5_5;Intermediate.LinesInBuildingsLength;Length of indoor subscriber lines;km;0.1;10;0.1;10.00;ID;;5;;
METHOD1;ALGORITHM1_5;FORMULA_1_5_5;Intermediate.LinesOutsideLength;Length of outdoor subscriber lines;km;0.1;100;0.1;10.00;ID;;6;;
METHOD1;ALGORITHM1_5;FORMULA_1_5_5;AccessTechnologyOptionsSet.CostSubscribersLines;Cost of SL cable;currency unit/km;100;10000;0.1;50.00;ID;ID;17;27;
METHOD1;ALGORITHM1_5;FORMULA_1_5_6;Intermediate.LengthExternalCLDestributTrunk;Length of distribution segment trunk cable;km;0.1;100;0.1;10.00;ID;;7;;
METHOD1;ALGORITHM1_5;FORMULA_1_5_6;AccessTechnologyOptionsSet.CostConnectingLines;Cost of the distribution segment cable;currency unit/km;100;10000;0.1;50.00;ID;ID;18;28;
METHOD1;ALGORITHM1_5;FORMULA_1_5_7;Intermediate.LengthExternalCLAggrTrunk;Length of aggregation segment trunk cable ;km;0.1;100;0.1;10.00;ID;;8;;
METHOD1;ALGORITHM1_5;FORMULA_1_5_7;AccessTechnologyOptionsSet.CostConnectingLinesAggregateSegment;Cost of the aggregation segment cable ;currency unit/km;10;10000;0.1;50.00;ID;ID;19;29;
METHOD1;ALGORITHM1_5;FORMULA_1_5_8;Intermediate.LengthInternalCableDuctToBuild;Length of the house cable duct that must be built for laying subscriber lines;km;0.1;100;0.1;10.00;ID;;9;;
METHOD1;ALGORITHM1_5;FORMULA_1_5_8;AccessTechnologyOptionsSet.CostInternalSewerage;Cost of indoor duct materials;currency unit/km;10;10000;0.1;50.00;ID;ID;20;30;
METHOD1;ALGORITHM1_5;FORMULA_1_5_9;Intermediate.LengthOfNewInfrastractureForSL;Length of the new infrastructure for cables hanging-up of subscriber lines;km;0.1;100;0.1;10.00;ID;;10;;
METHOD1;ALGORITHM1_5;FORMULA_1_5_9;Intermediate.LengthOfNewInfrastractureForCL;Total length of the new infrastructure for cables hanging-up of distribution and aggregation segment;km;0.1;100;0.1;10.00;ID;;11;;
METHOD1;ALGORITHM1_5;FORMULA_1_5_9;AccessTechnologyOptionsSet.CostPillars;Cost of new infrastructure for hanging-up cables;currency unit/km;50;1000000;0.1;50.00;ID;ID;21;31;
METHOD1;ALGORITHM1_6;ALL;;;;;;;;IM;;;;
METHOD1;ALGORITHM1_6;FORMULA_1_6_1;Intermediate.NumberOfAOEsPlaces;Total number of AOEs locations for installation;places;1;100;1;5.00;ID;;1;;
METHOD1;ALGORITHM1_6;FORMULA_1_6_1;AccessTechnologyOptionsSet.LaborCostsEOA;Typical labor costs for the arrangement of a locations for AOE;hours/unit;1;10;1;3.00;ID;ID;13;32;
METHOD1;ALGORITHM1_6;FORMULA_1_6_2;Intermediate.DurationPlacesAOEs;Time budget for installation work on arrangement of locations for AOEs;hours;1;1000;10;100.00;IM;;;;
METHOD1;ALGORITHM1_6;FORMULA_1_6_2;AccessTechnologyOptionsSet.CostEquipmentInstallation;Cost of installation work on the arrangement of locations for AOEs;currency unit/hour;1;10000;10;50.00;ID;ID;14;33;
METHOD1;ALGORITHM1_6;FORMULA_1_6_3;Intermediate.NumberOfTAOEsPlaces;Total number of TEAPs locations for installation;places;1;100;1;5.00;ID;;2;;
METHOD1;ALGORITHM1_6;FORMULA_1_6_3;AccessTechnologyOptionsSet.LaborCostsTEOA;Typical labor costs for the arrangement of a locations for TEAP;hours/unit;1;100;1;3.00;ID;ID;15;34;
METHOD1;ALGORITHM1_6;FORMULA_1_6_4;Intermediate.DurationPlacesTAOEs;Time budget for installation works on arrangement of locations for TEAPs;hours;1;1000;10;100.00;IM;;;;
METHOD1;ALGORITHM1_6;FORMULA_1_6_4;AccessTechnologyOptionsSet.CostEquipmentInstallation;Cost of installation work on the arrangement for equipment locations;currency unit/hour;0;10000;10;100.00;IM;;;;
METHOD1;ALGORITHM1_6;FORMULA_1_6_5;Intermediate.NumberOfAOEs;Number of AOE units;unit;0;10000;1;50.00;ID;;3;;
METHOD1;ALGORITHM1_6;FORMULA_1_6_5;AccessTechnologyOptionsSet.LaborCostsEquipmentTuneup;Typical labor costs for installation of equipment;hours/unit;0;10;1;3.00;ID;ID;16;35;
METHOD1;ALGORITHM1_6;FORMULA_1_6_6;Intermediate.DurationInstallationAOEs;Time budget for installation and configuration of AOEs;hours;0;1000;10;100.00;IM;;;;
METHOD1;ALGORITHM1_6;FORMULA_1_6_6;AccessTechnologyOptionsSet.CostEquipmentTuneup;Cost of works on installation and configuration of equipment;currency unit/hour;0;10000;10;50.00;ID;ID;17;36;
METHOD1;ALGORITHM1_6;FORMULA_1_6_7;Intermediate.NumberOfTAOEs;Number of TEAPs units;unit;0;10000;1;50.00;ID;;4;;
METHOD1;ALGORITHM1_6;FORMULA_1_6_7;AccessTechnologyOptionsSet.LaborCostsEquipmentTuneup;Typical labor costs for installation of equipment;hours/unit;0;10;1;3.00;IM;;;;
METHOD1;ALGORITHM1_6;FORMULA_1_6_8;Intermediate.DurationInstallationTAOEs;Time budget for installation and configuration of TEAPs;hours;0;1000;10;100.00;IM;;;;
METHOD1;ALGORITHM1_6;FORMULA_1_6_8;AccessTechnologyOptionsSet.CostEquipmentTuneup;Cost of works on installation and configuration of equipment;currency unit/hour;0;10000;10;100.00;IM;;;;
METHOD1;ALGORITHM1_6;FORMULA_1_6_9;Intermediate.LengthInternalCableDuctToBuild;Length of the house cable duct that must be built for laying subscriber lines;km;0.1;100;0.1;10.00;ID;;5;;
METHOD1;ALGORITHM1_6;FORMULA_1_6_9;AccessTechnologyOptionsSet.LaborCostsInternalSewerageConstruction;Typical labor costs for the installation of indoor duct;hours/km;0;10;1;4800.00;ID;ID;18;37;
METHOD1;ALGORITHM1_6;FORMULA_1_6_10;Intermediate.DurationInsideCableDuct;Time budget for installation of indoor cable ducts;hours;0;1000;10;100.00;IM;;;;
METHOD1;ALGORITHM1_6;FORMULA_1_6_10;DevelopmentParametersSet.NormativeAnnualRentOfCableDuct;Cost of installation of indoor cable ducts;currency unit/hour;0;10000;10;50.00;ID;ID;19;38;
METHOD1;ALGORITHM1_6;FORMULA_1_6_11;Intermediate.LenghtHangedupCalbesSL;Length of the hanged-up cables of subscriber lines;km;0.1;100;0.1;10.00;ID;;6;;
METHOD1;ALGORITHM1_6;FORMULA_1_6_11;AccessTechnologyOptionsSet.LaborCostsCableSewerage;Typical labor costs for the installation of subscriber lines;hours/km;0;10;1;10.00;ID;ID;20;39;
METHOD1;ALGORITHM1_6;FORMULA_1_6_12;Intermediate.DurationSLInstallation;Time budget for installation of indoor subscriber lines;hours;0;1000;10;100.00;IM;;;;
METHOD1;ALGORITHM1_6;FORMULA_1_6_12;AccessTechnologyOptionsSet.CostInstallationSubscribersLines;Cost of work on the installation of subscriber lines;currency unit/hour;0;10000;10;50.00;ID;ID;21;40;
METHOD1;ALGORITHM1_6;FORMULA_1_6_13;Intermediate.LengthOfNewInfrastractureForSL;Length of the new infrastructure for hanging-up cables of subscriber lines ;km;0.1;100;0.1;10.00;ID;;7;;
METHOD1;ALGORITHM1_6;FORMULA_1_6_13;Intermediate.LengthOfNewInfrastractureForCL;Total length of the new infrastructure for hanging-up cables of distribution and aggregation segment;km;0.1;100;0.1;10.00;ID;;8;;
METHOD1;ALGORITHM1_6;FORMULA_1_6_13;AccessTechnologyOptionsSet.LaborCostsForConstractionOfNewInfrastructure;Typical labor costs for the installation of infrastructure for hanging-up cables;hours/km;0;10;1;10.00;ID;ID;22;41;
METHOD1;ALGORITHM1_6;FORMULA_1_6_14;Intermediate.DurationNewInfrastructure;Time budget for the installation of new infrastructure for hanging-up cables ;hours;1;1000;10;100.00;IM;;;;
METHOD1;ALGORITHM1_6;FORMULA_1_6_14;AccessTechnologyOptionsSet.CostOfConstractionNewInfrastrucutre;Cost of the installation of new infrastructure for hanging-up cables;currency unit/hour;1;10000;10;50.00;ID;ID;23;42;
METHOD1;ALGORITHM1_6;FORMULA_1_6_15;Intermediate.LenghtHangedupCalbesSL;Length of the hanged-up cables of subscriber lines;km;0.1;100;0.1;10.00;ID;;9;;
METHOD1;ALGORITHM1_6;FORMULA_1_6_15;Intermediate.LenghtHangedupCalbesCL;Length of the hanged-up cables of distribution and aggregation segment;km;0.1;100;0.1;10.00;ID;;10;;
METHOD1;ALGORITHM1_6;FORMULA_1_6_15;AccessTechnologyOptionsSet.LaborCostsSuspensionCable;Typical labor costs for the cable hanging-up;hours/km;1;1600;1;10.00;ID;ID;24;43;
METHOD1;ALGORITHM1_6;FORMULA_1_6_16;Intermediate.DurationOfHangedUpCable;Time budget for installation of outdoor lines in the duct;hours;0;1000;10;100.00;IM;;;;
METHOD1;ALGORITHM1_6;FORMULA_1_6_16;AccessTechnologyOptionsSet.CostSettingSubscribersLines;Cost of work on cable hanging-up;currency unit/hour;0;10000;10;50.00;ID;ID;25;44;
METHOD1;ALGORITHM1_6;FORMULA_1_6_17;Intermediate.LenghtSLInExternalDuct;Length of subscriber lines in the outdoor cable ducts;km;0.1;100;0.1;10.00;ID;;11;;
METHOD1;ALGORITHM1_6;FORMULA_1_6_17;Intermediate.LenghtCLInExternalDuct;Length of distribution and aggregation segment in the outdoor cable ducts;km;0.1;100;0.1;10.00;ID;;12;;
METHOD1;ALGORITHM1_6;FORMULA_1_6_17;AccessTechnologyOptionsSet.LaborCostsCableSewerage;Typical labor costs for laying the cable in the duct;hours/km;0;10;1;10.00;ID;ID;26;45;
METHOD1;ALGORITHM1_6;FORMULA_1_6_18;Intermediate.DurationInstallCableInDuct;Time budget for installation of outdoor lines in the duct;hours;0;1000;10;100.00;IM;;;;
METHOD1;ALGORITHM1_6;FORMULA_1_6_18;AccessTechnologyOptionsSet.CostCableSewerage;Cost of laying the cable in the duct;currency unit/hour;0;10000;10;100.00;ID;ID;27;46;
METHOD1;ALGORITHM1_7;ALL;;;;;;;;IM;;;;
METHOD1;ALGORITHM1_7;FORMULA_1_7_1;Intermediate.NumberOfAOEs;Number of AOE units;unit;0;10000;1;50.00;ID;;1;;
METHOD1;ALGORITHM1_7;FORMULA_1_7_1;AccessTechnologyOptionsSet.LaborCostsActiveEquipment;Typical annual labor cost per unit of active equipment;hours/year;0;100;1;10.00;ID;ID;18;47;
METHOD1;ALGORITHM1_7;FORMULA_1_7_2;Intermediate.NumberOfAOEs;Number of AOE units;unit;0;10000;1;50.00;IM;;;;
METHOD1;ALGORITHM1_7;FORMULA_1_7_2;AccessTechnologyOptionsSet.PowerConsumptionEOA;Annual power consumption over a unit of AOE;kWh/year;10;1000;10;300.00;ID;ID;19;48;
METHOD1;ALGORITHM1_7;FORMULA_1_7_3;Intermediate.AnnualLaborCostAOEsOperation;Annual labor for the operation of AOEs;hours/year;1;1000;10;100.00;ID;;2;;
METHOD1;ALGORITHM1_7;FORMULA_1_7_3;AccessTechnologyOptionsSet.CostServiceEequipment;Cost of equipment maintenance;currency unit/hour;10;1000;10;50.00;ID;ID;20;49;
METHOD1;ALGORITHM1_7;FORMULA_1_7_3;Intermediate.ElectricityConsuptionsbyAOEs;Power consumption for access control equipment;kWh/year;10;1000;10;100.00;ID;;3;;
METHOD1;ALGORITHM1_7;FORMULA_1_7_3;AccessTechnologyOptionsSet.CostElectricity;Cost of electricity;currency unit/kWh ;0;20;1;1.00;ID;ID;21;50;
METHOD1;ALGORITHM1_7;FORMULA_1_7_4;Intermediate.NumberOfTAOEs;Number of TEAPs units;unit;0;10000;1;50.00;ID;;4;;
METHOD1;ALGORITHM1_7;FORMULA_1_7_4;AccessTechnologyOptionsSet.LaborCostsActiveEquipment;Typical annual labor cost per unit of active equipment;hours/year;1;1000;10;100.00;IM;;;;
METHOD1;ALGORITHM1_7;FORMULA_1_7_5;Intermediate.NumberOfTAOEs;Number of TEAPs units;unit;0;10000;1;50.00;IM;;;;
METHOD1;ALGORITHM1_7;FORMULA_1_7_5;AccessTechnologyOptionsSet.PowerConsumptionTEOA;Annual power consumption over a unit of TEAP;kWh/year;1;1000;10;500.00;ID;ID;22;51;
METHOD1;ALGORITHM1_7;FORMULA_1_7_6;Intermediate.AnnualLaborCostTAOEsOperation;Annual labor costs for the operation of TEAPs;hours/year;1;1000;10;100.00;ID;;5;;
METHOD1;ALGORITHM1_7;FORMULA_1_7_6;AccessTechnologyOptionsSet.CostServiceEequipment;Cost of equipment maintenance;currency unit/hour;10;1000;10;100.00;IM;;;;
METHOD1;ALGORITHM1_7;FORMULA_1_7_6;Intermediate.ElectricityConsuptionsbyTAOEs;Power consumption for technical equipment of access provision;kWh/year;1;10000;10;100.00;ID;;6;;
METHOD1;ALGORITHM1_7;FORMULA_1_7_6;AccessTechnologyOptionsSet.CostElectricity;Cost of electricity;currency unit/kWh ;1;1000;10;100.00;IM;;;;
METHOD1;ALGORITHM1_7;FORMULA_1_7_7;Intermediate.LinesInBuildingsLength;Length of indoor subscriber lines;km;0.1;100;0.1;10.00;ID;;7;;
METHOD1;ALGORITHM1_7;FORMULA_1_7_7;AccessTechnologyOptionsSet.LaborCostsLengthInhouseSubscriberLines;Typical annual labor costs per km of indoor subscriber lines;hours/year;1;1000;10;10.00;ID;ID;23;52;
METHOD1;ALGORITHM1_7;FORMULA_1_7_8;Intermediate.AnnualLaborCostSLOperation;Annual labor costs for service of indoor subscriber lines ;hours/year;0;1000;10;100.00;ID;;8;;
METHOD1;ALGORITHM1_7;FORMULA_1_7_8;AccessTechnologyOptionsSet.CostServiceCableInfrastructure;Cost of work on the operation of cable infrastructure;currency unit/hour;0;1000;10;50.00;ID;ID;24;53;
METHOD1;ALGORITHM1_7;FORMULA_1_7_9;Intermediate.LenghtHangedupCalbesSL;Length of the hanged-up cables of subscriber lines;km;0.1;100;0.1;10.00;ID;;9;;
METHOD1;ALGORITHM1_7;FORMULA_1_7_9;Intermediate.LenghtHangedupCalbesCL;Length of the hanged-up cables of distribution and aggregation segment;km;0.1;100;0.1;10.00;ID;;10;;
METHOD1;ALGORITHM1_7;FORMULA_1_7_9;AccessTechnologyOptionsSet.LaborCostsServiceSuspensionCable;Typical annual labor costs for maintenance of one km of hanged-up cable;hours/year;0;1000;10;10.00;ID;ID;25;54;
METHOD1;ALGORITHM1_7;FORMULA_1_7_10;Intermediate.AnnualLaborCostHangedCableOperation;Annual labor costs for service of hanged-up lines;hours/year;0;1000;10;100.00;ID;;11;;
METHOD1;ALGORITHM1_7;FORMULA_1_7_10;AccessTechnologyOptionsSet.LaborCostsServiceCableSewerage;Typical annual labor costs for maintenance of one km of cable in the duct ;hours/year;0;1000;10;10.00;ID;ID;26;55;
METHOD1;ALGORITHM1_7;FORMULA_1_7_11;Intermediate.LenghtSLInExternalDuct;Length of subscriber lines in the outdoor cable ducts;km;0.1;100;0.1;10.00;ID;;12;;
METHOD1;ALGORITHM1_7;FORMULA_1_7_11;Intermediate.LenghtCLInExternalDuct;Length of distribution and aggregation segment in the outdoor cable ducts;km;0.1;100;0.1;10.00;ID;;13;;
METHOD1;ALGORITHM1_7;FORMULA_1_7_11;DevelopmentParametersSet.NormativeAnnualRentOfCableDuct;Typical annual rent the outdoor cable duct for the cable;currency unit/km;0;1000;10;50.00;ID;ID;27;87;
METHOD1;ALGORITHM1_7;FORMULA_1_7_12;Intermediate.AnnualLaborCostCableInDuctOperation;Annual labor costs for service of lines in cable duct;hours/year;0;1000;10;100.00;ID;;14;;
METHOD1;ALGORITHM1_7;FORMULA_1_7_12;AccessTechnologyOptionsSet.CostServiceCableInfrastructure;Cost of work on the operation of cable infrastructure;currency unit/hour;0;1000;10;100.00;IM;;;;
METHOD1;ALGORITHM1_7;FORMULA_1_7_13;Intermediate.LengthOfNewInfrastractureForCL;Total length of the new infrastructure for hanging-up cables of distribution and aggregation segment;km;0.1;100;0.1;10.00;ID;;15;;
METHOD1;ALGORITHM1_7;FORMULA_1_7_13;Intermediate.LengthOfNewInfrastractureForSL;Length of the new infrastructure for hanging-up cables of subscriber lines ;km;0.1;100;0.1;10.00;ID;;16;;
METHOD1;ALGORITHM1_7;FORMULA_1_7_13;AccessTechnologyOptionsSet.LaborCostsServicePillars;Typical annual labor costs for service of one km of the infrastructure for hanging-up cables (pillars);hours/year;0;1000;10;10.00;ID;ID;28;56;
METHOD1;ALGORITHM1_7;FORMULA_1_7_14;Intermediate.AnnualLaborCostNewInfrastructure;Annual labor costs for new infrastructure service for hanging-up cables (pillars);hours/year;0;1000;10;100.00;ID;;17;;
METHOD1;ALGORITHM1_7;FORMULA_1_7_14;DevelopmentParametersSet.CostOfOperationNewInfrastructure;Cost of work on the operation of the infrastructure for hanging-up cables (pillars);currency unit/hour;0;1000;10;50.00;ID;ID;29;77;
METHOD1;ALGORITHM1_7;FORMULA_1_7_15;Intermediate.LenghtSLInExternalDuct;Length of subscriber lines in the outdoor cable ducts;km;0.1;100;0.1;10.00;IM;;;;
METHOD1;ALGORITHM1_7;FORMULA_1_7_15;Intermediate.LenghtCLInExternalDuct;Length of distribution and aggregation segment in the outdoor cable ducts;km;0.1;100;0.1;10.00;IM;;;;
METHOD1;ALGORITHM1_7;FORMULA_1_7_15;DevelopmentParametersSet.RentCostForCableInDuct;Typical annual rent the outdoor cable duct for the cable;currency unit/km;0;1000;10;200.00;ID;ID;30;78;
METHOD1;ALGORITHM1_7;FORMULA_1_7_16;Intermediate.LenghtHangedupCalbesSL;Length of the hanged-up cables of subscriber lines;km;0.1;100;0.1;10.00;IM;;;;
METHOD1;ALGORITHM1_7;FORMULA_1_7_16;Intermediate.LenghtHangedupCalbesCL;Length of the hanged-up cables of distribution and aggregation segment;km;0.1;100;0.1;10.00;IM;;;;
METHOD1;ALGORITHM1_7;FORMULA_1_7_16;Intermediate.LengthOfNewInfrastractureForCL;Total length of the new infrastructure for hanging-up cables of distribution and aggregation segment;km;0.1;100;0.1;10.00;IM;;;;
METHOD1;ALGORITHM1_7;FORMULA_1_7_16;Intermediate.LengthOfNewInfrastractureForSL;Length of the new infrastructure for hanging-up cables of subscriber lines ;km;0.1;1000;0.1;10.00;IM;;;;
METHOD1;ALGORITHM1_7;FORMULA_1_7_16;DevelopmentParametersSet.RentCostForHangedCable;Typical annual rent the pillars for the hanged-up cable;currency unit/km;0;1000;10;200.00;ID;ID;31;79;
METHOD1;ALGORITHM1_8;ALL;;;;;;;;IM;;;;
METHOD1;ALGORITHM1_8;FORMULA_1_8_1;AccessTechnologyOptionSet.CostOfRFRLicense;Cost of a license for radio spectrum usage per one AOE;currency unit;0;1000000000;1000;50.00;ID;ID;7;57;
METHOD1;ALGORITHM1_8;FORMULA_1_8_1;Intermediate.NumberOfAOEs;Number of AOE units;unit;0;10000;1;50.00;ID;;1;;
METHOD1;ALGORITHM1_8;FORMULA_1_8_1;Intermediate.CostOfEquipment;Total cost of equipment;currency unit;10;1000000000;1000;1000000.00;ID;;2;;
METHOD1;ALGORITHM1_8;FORMULA_1_8_1;PVOptionsSet.DesignEquipmentCoeff;Percentage of typical costs for design from the cost of equipment ;%;0;10;0.5;4.00;ID;ID;9;80;
METHOD1;ALGORITHM1_8;FORMULA_1_8_1;Intermediate.CostOfConstruction;Total cost of access network deployment;currency unit;100;1000000000;1000;1000000.00;ID;;3;;
METHOD1;ALGORITHM1_8;FORMULA_1_8_1;PVOptionsSet.DesignConstrCoeff;Percentage of typical costs for design from the cost of deployment;%;0;100;1;5.00;ID;ID;10;81;
METHOD1;ALGORITHM1_8;FORMULA_1_8_2;Intermediate.CostOfEquipment;Total cost of equipment;currency unit;10;1000000000;1000;1000000.00;IM;;;;
METHOD1;ALGORITHM1_8;FORMULA_1_8_2;Intermediate.CostOfConstruction;Total cost of access network deployment;currency unit;10;1000000000;1000;1000000.00;IM;;;;
METHOD1;ALGORITHM1_8;FORMULA_1_8_2;Intermediate.DesignAndLicensing;Design and licensing costs;currency unit;10;1000000000;1000;1000000.00;IM;;;;
METHOD1;ALGORITHM1_8;FORMULA_1_8_3;Intermediate.Subscribers;Number of solvent population not covered by competitors (number of potential subscribers);people;1;10000000;100;10000.00;ID;;4;;
METHOD1;ALGORITHM1_8;FORMULA_1_8_3;PVOptionSet.ARPU;Average month income per one subscriber;currency unit/month;1;10000000;1;20.00;ID;ID;11;82;
METHOD1;ALGORITHM1_8;FORMULA_1_8_3;PVOptionSet.VATax;Value-added tax rate;%;0;100;1;20.00;ID;ID;12;83;
METHOD1;ALGORITHM1_8;FORMULA_1_8_4;Intermediate.NetIncome;Net Income;currency unit/year;0;1000000000;1000;1000000.00;IM;;;;
METHOD1;ALGORITHM1_8;FORMULA_1_8_4;Intermediate.CostOfOperation;Cost of the annual operation of an access network;currency unit/year;0;1000000000;1000;1000000.00;ID;;5;;
METHOD1;ALGORITHM1_8;FORMULA_1_8_4;PVOptionSet.ProfitTax;Corporate tax rate;%;0;100;1;17.00;ID;ID;13;84;
METHOD1;ALGORITHM1_8;FORMULA_1_8_4;Intermediate.CostOfEquipmentAndMaterials;Total cost of equipment, components and materials;currency unit;0;1000000000;1000;1000000.00;ID;;6;;
METHOD1;ALGORITHM1_8;FORMULA_1_8_4;AccessTechnologyOptionSet.AvrLifeTimeOfEqAndMat;Average lifetime of the equipment and materials;yer;1;50;1;5.00;ID;ID;8;58;
METHOD1;ALGORITHM1_8;FORMULA_1_8_5;Intermediate.NetIncome;Net Income;currency unit/year;0;1000000000;1000;1000000.00;IM;;;;
METHOD1;ALGORITHM1_8;FORMULA_1_8_5;Intermediate.CostOfOperation;Cost of the annual operation of an access network;currency unit/year;0;1000000000;1000;1000000.00;IM;;;;
METHOD1;ALGORITHM1_8;FORMULA_1_8_5;Intermediate.CorporateTax;Corporate tax;currency unit/year;0;1000000000;1000;1000000.00;IM;;;;
METHOD1;ALGORITHM1_8;FORMULA_1_8_6;PVOptionSet.DiscountRate;Discount Rate;%;1;100;1;11.00;ID;ID;14;85;
METHOD1;ALGORITHM1_8;FORMULA_1_8_6;PVOptionSet.PaybackPeriod;Period of Investment Payback;year;1;50;1;2.00;ID;ID;15;86;
METHOD1;ALGORITHM1_8;FORMULA_1_8_6;Intermediate.CashFlow;Annual Cash Flow;currency unit/year;0;1000000000;1000;1000000.00;IM;;;;
METHOD1;ALGORITHM1_8;FORMULA_1_8_7;Intermediate.DiscountedCF;Discounted cash flow;currency unit/year;0;1000000000;1000;1000000.00;IM;;;;
METHOD1;ALGORITHM1_8;FORMULA_1_8_7;Intermediate.TotalInvest;Total investment costs for access networks deployment;currency unit;0;1000000000;1000;1000000.00;IM;;;;
METHOD2;ALL;;SchoolSpecificData.IsEnergyInSchool;Availability of electricity (Yes / No);logical;0;1;1;1;ID;ID;;;
METHOD2;ALGORITHM2_0;ALL;;;;;;;;;;;;
METHOD2;ALGORITHM2_0;ALL;Files.Traffic;Filename with matrix of NPV between objects;filename;0.0000000;100.0000000;1.0000000;traffic.csv;ID;ID;;;INPUT
METHOD2;ALGORITHM2_0;FORMULA_2_0_1;InitialDataTraffic.InformationVolume;Information volume by one standard session for a particular service;Mbyte;0;10000;1;20.00;IM;IM;1;1;
METHOD2;ALGORITHM2_0;FORMULA_2_0_1;InitialDataTraffic.BitrateOfService;Sufficient bitrate for service usage with a given level of quality;Mbit/s;1;1000;1;5.00;IM;IM;2;2;
METHOD2;ALGORITHM2_0;FORMULA_2_0_2;InitialDataTraffic.IntensivityPerUser;Service usage intensity by one subscriber (the number of requests) ;request/hour;0;100;1;3.00;IM;IM;3;3;
METHOD2;ALGORITHM2_0;FORMULA_2_0_2;InitialDataTraffic.NumberOfSubscribers;Number of subscribers ;people;0;10000;1;100.00;IM;IM;4;4;
METHOD2;ALGORITHM2_0;FORMULA_2_0_3;Intermediate.OveralIntensivity;Expected request intensity;request/hour;0;1000;1;3.00;IM;IM;;;
METHOD2;ALGORITHM2_0;FORMULA_2_0_3;Intermediate.DurationOfOneSession;Duration of the one session;sec;0;100;1;10.00;IM;IM;;;
METHOD2;ALGORITHM2_0;FORMULA_2_0_4;Intermediate.ExternalLoad;External channel load;Erlang;0;100;1;10.00;IM;IM;;;
METHOD2;ALGORITHM2_0;FORMULA_2_0_4;InitialDataTraffic.LevelOfQuality;Level of quality (probablity of packet looses) ;coeff;0;1;0.0001;0.00050;ID;ID;5;5;
METHOD2;ALGORITHM2_0;FORMULA_2_0_5;Intermediate.NumberOfSessions;Number of parallel sessions;sessions;0;100;1;10.00;IM;IM;;;
METHOD2;ALGORITHM2_0;FORMULA_2_0_5;InitialDataTraffic.BitrateOfService;Sufficient bitrate for service usage with a given level of quality;Mbit/s;1;1000;1;5.00;IM;IM;;;
METHOD2;ALGORITHM2_0;FORMULA_2_0_6;Intermediate.OveralNetworkCapacity;Overall network channel capacity, required for parallel sessions;Mbit/s;1;1000;1;5.00;IM;IM;;;
METHOD2;ALGORITHM2_1;ALL;;;;;;;;IM;;;;
METHOD2;ALGORITHM2_1;FORMULA_2_1_1;SchoolSpecificData.Length;The distance between the localities;km;0;1000;1;100.00;ID;ID;2;9;
METHOD2;ALGORITHM2_1;FORMULA_2_1_1;InitialDataFOCL.TopographyCoeff;Road length deviation coefficient (relation of the road length to line of sight distance);coeff;0.0000000;1.0000000;0.0100000;0.0200000;ID;ID;;;
METHOD2;ALGORITHM2_1;FORMULA_2_1_1;InitialDataFOCL.HorDrillCoeff;Coefficient of extra FOCL sections length of horizontal directional drilling, located at the crossings of roads;coeff;0.0000000;0.1000000;0.0050000;0.0100000;ID;ID;;;
METHOD2;ALGORITHM2_1;FORMULA_2_1_2;Intermediate.FOCLLenghtTotal;Overall length of the FOCL construction site;km;0;1000;1;20.00;IM;IM;;;
METHOD2;ALGORITHM2_1;FORMULA_2_1_2;InitialDataFOCL.CableDuctCoeff;Coefficient of FOCL sections length requiring the construction of cable ducts;coeff;0.0000000;1.0000000;0.0100000;0.1000000;ID;ID;;;
METHOD2;ALGORITHM2_1;FORMULA_2_1_3;Intermediate.FOCLLenghtTotal;Overall length of the FOCL construction site;km;0;1000;1;20.00;IM;IM;;;
METHOD2;ALGORITHM2_1;FORMULA_2_1_3;InitialDataFOCL.CableLayingMachineCoeff;Coefficient of FOCL sections length requiring cable-laying machine;coeff;0.0000000;1.0000000;0.0100000;0.9000000;ID;ID;;;
METHOD2;ALGORITHM2_1;FORMULA_2_1_4;Intermediate.FOCLSectionLengthCD;The average FOCL sections length requiring the construction of cable ducts;km;0;1000;1;20.00;IM;IM;;;
METHOD2;ALGORITHM2_1;FORMULA_2_1_4;InitialDataFOCL.NumberOfManholesPerKM;Number of cable manholes per one kilometer;manholes;0.0000000;100.0000000;0.1000000;2.00;ID;ID;;;
METHOD2;ALGORITHM2_1;FORMULA_2_1_5;Intermediate.FOCLLenghtTotal;Overall length of the FOCL construction site;km;0;1000;1;20.00;IM;IM;;;
METHOD2;ALGORITHM2_1;FORMULA_2_1_5;InitialDataFOCL.NumberOfCableCouplingsPerKM;Number of cable couplings per one kilometer;couplings;0.0000000;50.0000000;0.1000000;0.50;ID;ID;;;
METHOD2;ALGORITHM2_1;FORMULA_2_1_6;SchoolSpecificData.Length;The distance between the localities;km;0;1000;1;20.00;IM;IM;;;
METHOD2;ALGORITHM2_1;FORMULA_2_1_6;InitialDataFOCL.TopographyCoeff;Road length deviation coefficient (relation of the road length to line of sight distance);coeff;0.0000000;1.0000000;0.0100000;0.0200000;IM;IM;;;
METHOD2;ALGORITHM2_1;FORMULA_2_1_6;InitialDataFOCL.LaborCostNormGeo;Labor cost norms for geodetic work along FOCL route between localities (communities);hour/km;0;100;1;80.00;ID;ID;3;10;
METHOD2;ALGORITHM2_1;FORMULA_2_1_6;InitialDataFOCL.CostNormGeo;Cost norms for  geodetic work along object route;currency unit/hour;0;20;0.1;4.48;ID;ID;4;11;
METHOD2;ALGORITHM2_1;FORMULA_2_1_7;InitialDataFOCL.CostNormFOCLinst;Cost of one km FOCL;currency unit/km;0;1000;10;450.00;ID;ID;5;12;
METHOD2;ALGORITHM2_1;FORMULA_2_1_7;SchoolSpecificData.Length;The distance between the localities;km;0;1000;1;20.00;IM;IM;;;
METHOD2;ALGORITHM2_1;FORMULA_2_1_7;InitialDataFOCL.TopographyCoeff;Road length deviation coefficient (relation of the road length to line of sight distance);coeff;0.0000000;1.0000000;0.0100000;0.0200000;IM;IM;;;
METHOD2;ALGORITHM2_1;FORMULA_2_1_7;InitialDataFOCL.MarginCoeff;Coefficient of extra FOCL lenth taking into account the margin for laying and unpacking the cable;coeff;0;0.2;0.01;0.10;ID;ID;;;
METHOD2;ALGORITHM2_1;FORMULA_2_1_7;Intermediate.NumberCC;Number of cable couplings ;unit (pcs);0;100;1;5.00;IM;IM;;;
METHOD2;ALGORITHM2_1;FORMULA_2_1_7;InitialDataFOCL.CostNormCC1km;Cost of cable coupling;current unit/unit;0;100;1;39.30;ID;ID;;;
METHOD2;ALGORITHM2_1;FORMULA_2_1_8;Intermediate.FOCLLenghtHDD;The average FOCL sections length of horizontal directional drilling, located at the crossings of roads;km;0;1000;1;20.00;IM;IM;;;
METHOD2;ALGORITHM2_1;FORMULA_2_1_8;InitialDataFOCL.LaborCostNormHDD;Labor cost norms for roads crossings construction by horizontal directional drilling;hour/km;0;10000;1;6837.20;ID;ID;6;13;
METHOD2;ALGORITHM2_1;FORMULA_2_1_8;InitialDataFOCL.CostNormHDD;Cost norms for roads crossings construction by horizontal directional drilling;currency unit/hour;0;20;0.1;7.22;ID;ID;7;14;
METHOD2;ALGORITHM2_1;FORMULA_2_1_9;Intermediate.FOCLSectionLengthCD;The average FOCL sections length requiring the construction of cable ducts;km;0;1000;1;20.00;ID;ID;8;15;
METHOD2;ALGORITHM2_1;FORMULA_2_1_9;InitialDataFOCL.LaborCostNormCDC;Labor cost norms for cable duct construction;hour/km;0;5000;1;2467.48;ID;ID;9;16;
METHOD2;ALGORITHM2_1;FORMULA_2_1_9;InitialDataFOCL.CostNormCDC;Cost norms for cable duct construction;currency unit/hour;0;20;0.1;3.09;ID;ID;10;17;
METHOD2;ALGORITHM2_1;FORMULA_2_1_9;InitialDataFOCL.CostNormMaterialsCD;Cost of basic materials for one km cable duct (pipe) construction;currency unit/km;0;10000;10;3631.70;ID;ID;11;18;
METHOD2;ALGORITHM2_1;FORMULA_2_1_9;Intermediate.NumberCMh;Number of cable manholes (CMh) ;unit (pcs);0;100;1;5.00;IM;IM;;;
METHOD2;ALGORITHM2_1;FORMULA_2_1_9;InitialDataFOCL.CostNormMaterialsCMh;Cost of basic materials for one km cable manhole;current unit/unit;0;10000;10;390.72;ID;ID;;;
METHOD2;ALGORITHM2_1;FORMULA_2_1_9;InitialDataFOCL.LaborCostNormCMh;"Labor cost norms for cable manhole construction 
including FOC installation";hour/unit;0;1000;10;37.74;ID;ID;;;
METHOD2;ALGORITHM2_1;FORMULA_2_1_9;InitialDataFOCL.CostNormCMh;Cost norms for cable manhole construction;currency unit/hour;0;20;1;4.95;ID;ID;;;
METHOD2;ALGORITHM2_1;FORMULA_2_1_10;Intermediate.FOCLSectionLengthCLM;The average FOCL sections length requiring cable-laying machine;km;0;100;1;80.00;ID;ID;1;19;
METHOD2;ALGORITHM2_1;FORMULA_2_1_10;InitialDataFOCL.LaborCostNormLC;Labor cost norms for FOCL laying by cable layer ;hour/km;0;1000;1;451.20;ID;ID;12;20;
METHOD2;ALGORITHM2_1;FORMULA_2_1_10;InitialDataFOCL.CostNormLC;Cost norms for FOCL laying by cable layer;currency unit/hour;0;20;1;4.95;ID;ID;13;21;
METHOD2;ALGORITHM2_1;FORMULA_2_1_10;Intermediate.NumberCC;Number of cable couplings ;unit (pcs);0;100;1;5.00;IM;IM;;;
METHOD2;ALGORITHM2_1;FORMULA_2_1_10;InitialDataFOCL.CostNormCC1km;Cost of cable coupling;current unit/unit;0;100;1;39.30;ID;ID;;;
METHOD2;ALGORITHM2_1;FORMULA_2_1_10;InitialDataFOCL.LaborCostNormCCI;Labor cost norms for cable couplings installation;hour/unit;0;100;1;44.20;ID;ID;;;
METHOD2;ALGORITHM2_1;FORMULA_2_1_10;InitialDataFOCL.CostNormCCI;Cost norms for cable couplings installation;currency unit/hour;0;20;1;4.95;ID;ID;;;
METHOD2;ALGORITHM2_1;FORMULA_2_1_11;Intermediate.FOCLLenghtTotal;Overall length of the FOCL construction site;km;0;1000;1;20.00;IM;IM;;;
METHOD2;ALGORITHM2_1;FORMULA_2_1_11;InitialDataFOCL.LaborCostNormST;Labor cost norms for signaling test along the route ;hour/km;0;100;1;31.50;ID;ID;20;28;
METHOD2;ALGORITHM2_1;FORMULA_2_1_11;InitialDataFOCL.CostNormST;Cost norms for signaling test along the route;currency unit/hour;0;20;1;4.95;ID;ID;21;29;
METHOD2;ALGORITHM2_1;FORMULA_2_1_12;InitialDataFOCL.LaborCostNormTS;Labor cost norms for technical specifications design;hours;0;100;1;0.00;ID;ID;22;30;
METHOD2;ALGORITHM2_1;FORMULA_2_1_12;InitialDataFOCL.CostNormTS;Cost norms for technical specifications design;currency unit/hour;0;20;1;10.34;ID;ID;23;31;
METHOD2;ALGORITHM2_1;FORMULA_2_1_13;InitialDataFOCL.LaborCostNormSC;Labor cost norms for design solutions coordination;hours;0;100;1;0.00;ID;ID;24;32;
METHOD2;ALGORITHM2_1;FORMULA_2_1_13;InitialDataFOCL.CostNormSC;Cost norms for design solutions coordination;currency unit/hour;0;20;1;10.34;ID;ID;25;33;
METHOD2;ALGORITHM2_1;FORMULA_2_1_14;Intermediate.TotalFOCLcost;Total FOCL cost along route;currency unit;0;100000;10;1000.00;IM;IM;;;
METHOD2;ALGORITHM2_1;FORMULA_2_1_14;Intermediate.OverllCostFOCLSC;Overall cost for FOCL sections construction of horizontal directional drilling, located at the crossings of roads;currency unit;0;100000;10;1000.00;IM;IM;;;
METHOD2;ALGORITHM2_1;FORMULA_2_1_14;Intermediate.OverllCostFOCLCD;Overall cost for FOCL section construction requiring the cable duct ;currency unit;0;100000;10;1000.00;IM;IM;;;
METHOD2;ALGORITHM2_1;FORMULA_2_1_14;Intermediate.OverllCostFOCLCLM;Overall cost for FOCL section construction requiring the cable laying machine ;currency unit;0;100000;10;1000.00;IM;IM;;;
METHOD2;ALGORITHM2_1;FORMULA_2_1_14;InitialDataFOCL.DesignCoeff;Coefficient of design cost work from the overall cost of FOCL;coeff;0;0.5;0.01;0.05;ID;ID;;;
METHOD2;ALGORITHM2_1;FORMULA_2_1_15;Intermediate.OverllCostFOCLGeo;Overall geodetic work along the locality route;currency unit;0;100000;10;1000.00;IM;IM;;;
METHOD2;ALGORITHM2_1;FORMULA_2_1_15;Intermediate.TotalFOCLcost;Total FOCL cost along route;currency unit;0;100000;10;1000.00;IM;IM;;;
METHOD2;ALGORITHM2_1;FORMULA_2_1_15;Intermediate.OverllCostFOCLSC;Overall cost for FOCL sections construction of horizontal directional drilling, located at the crossings of roads;currency unit;0;100000;10;1000.00;IM;IM;;;
METHOD2;ALGORITHM2_1;FORMULA_2_1_15;Intermediate.OverllCostFOCLCD;Overall cost for FOCL section construction requiring the cable duct ;currency unit;0;100000;10;1000.00;IM;IM;;;
METHOD2;ALGORITHM2_1;FORMULA_2_1_15;Intermediate.OverllCostFOCLCLM;Overall cost for FOCL section construction requiring the cable laying machine ;currency unit;0;100000;10;1000.00;IM;IM;;;
METHOD2;ALGORITHM2_1;FORMULA_2_1_15;Intermediate.OverllCostFOCLTS;Total cost of technical specifications design;currency unit;0;100000;10;1000.00;IM;IM;;;
METHOD2;ALGORITHM2_1;FORMULA_2_1_15;Intermediate.OverllCostFOCLSC2;Total cost of design solutions coordination;currency unit;0;100000;10;1000.00;IM;IM;;;
METHOD2;ALGORITHM2_1;FORMULA_2_1_15;Intermediate.OverllCostFOCLST;Overall cost for FOCL signaling test;currency unit;0;100000;10;1000.00;IM;IM;;;
METHOD2;ALGORITHM2_1;FORMULA_2_1_15;Intermediate.OverllCostFOCLDesign;Design cost;currency unit;0;100000;10;1000.00;IM;IM;;;
METHOD2;ALGORITHM2_1;FORMULA_2_1_15;InitialDataFOCL.CostTramsEquipment;Cost of data transmission equipment for organizing L2 channel;currency unit/unit;0;1000;10;179.00;ID;ID;;;
METHOD2;ALGORITHM2_1;FORMULA_2_1_16;Intermediate.TotalFOCLcost;Total FOCL cost along route;currency unit;0;100000;10;1000.00;IM;IM;;;
METHOD2;ALGORITHM2_1;FORMULA_2_1_16;InitialDataFOCL.CostTramsEquipment;Cost of data transmission equipment for organizing L2 channel;currency unit/unit;0;1000;10;179.00;ID;ID;;;
METHOD2;ALGORITHM2_1;FORMULA_2_1_17;Intermediate.NumberOfFiberLinks;Number of fiber links connected to the node;links;;;;;;;;;
METHOD2;ALGORITHM2_1;FORMULA_2_1_17;InitialDataFOCL.CostTramsEquipment;Cost of data transmission equipment for organizing L2 channel (basic set);currency unit/unit;0;1000;10;465.00;ID;ID;;;
METHOD2;ALGORITHM2_1;FORMULA_2_1_17;InitialDataFOCL.CostTramsEquipmentAdd;Cost of data transmission equipment for organizing L2 channel (advanced set - for more than 2 fibers);currency unit/unit;0;10000;10;3050.00;ID;ID;;;
METHOD2;ALGORITHM2_1;FORMULA_2_1_17;InitialDataFOCL.CostTramsEquipmentPerFiber;Cost of one SFP+ module ;currency unit/unit;0;1000;10;45.00;ID;ID;;;
METHOD2;ALGORITHM2_2;ALL;;;;;;;;IM;;;;
METHOD2;ALGORITHM2_2;FORMULA_2_2_1;Intermediate.FOCLLenghtTotal;Overall length of the FOCL construction site;km;0;1000;1;20.00;ID;IM;1;;
METHOD2;ALGORITHM2_2;FORMULA_2_2_1;InitialDataFOCL.AnnualLaborNormFOCLm;Typical annual labor cost for FOCL maintenance along route ;hour/km;0;100;1;30.00;ID;ID;3;34;
METHOD2;ALGORITHM2_2;FORMULA_2_2_1;InitialDataFOCL.CostNormFOCLm;Typical cost for FOCL maintenance;currency unit/hour;0;20;1;4.95;ID;ID;4;35;
METHOD2;ALGORITHM2_2;FORMULA_2_2_2;Intermediate.FOCLSectionLengthCD;The average FOCL sections length requiring the construction of cable ducts;km;0;1000;1;20.00;ID;IM;2;;
METHOD2;ALGORITHM2_2;FORMULA_2_2_2;InitialDataFOCL.AnnualLaborNormCDm;Typical annual labor cost for cable duct maintenance;hour/km;0;100;1;16.00;ID;ID;5;36;
METHOD2;ALGORITHM2_2;FORMULA_2_2_2;InitialDataFOCL.CostNormCDm;Typical cost for cable duct maintenance;currency unit/hour;0;20;0.1;2.63;ID;ID;6;37;
METHOD2;ALGORITHM2_2;FORMULA_2_2_3;SchoolSpecificData.RequiredBandwidth;Required capacity to meet object (locality) requirements;Mbit/s;0;1000;1;100.00;ID;ID;;;
METHOD2;ALGORITHM2_2;FORMULA_2_2_3;InitialDataFOCL.AnnualRentBand;Annual rent cost of 1 Mbit/s channel ;currency unit/year;0;100;1;1.00;ID;ID;;;
METHOD2;ALGORITHM2_2;FORMULA_2_2_4;Intermediate.AnnualCostFOCLmaintenance;FOCL maintenance cost along the route;currency unit;0;100000;10;1000.00;IM;IM;;;
METHOD2;ALGORITHM2_2;FORMULA_2_2_4;Intermediate.AnnualCostCDmaintenance;Cable duct maintenance cost;currency unit;0;100000;10;1000.00;IM;IM;;;
METHOD2;ALGORITHM2_2;FORMULA_2_2_4;Intermediate.CostOfInternetr;Total rent cost;currency unit/year;0;1000;1;100.00;IM;IM;;;
METHOD2;ALGORITHM2_3;ALL;;;;;;;;IM;;;;
METHOD2;ALGORITHM2_3;ALL;InitialDataRadio.MaximumLinkCapacity;Maximum capacity of RTS link by using few channels in parallel ;Mbit/s;0;10000;1;2000.00;ID;ID;;;
METHOD2;ALGORITHM2_3;FORMULA_2_3_1;SchoolSpecificData.Length;The distance between the localities;km;0;1000;1;100.00;ID;ID;1;44;
METHOD2;ALGORITHM2_3;FORMULA_2_3_1;InitialDataRadio.RetransmissionLength;Retransmission path length by selected technology;km;0;100;1;30.00;ID;ID;3;46;
METHOD2;ALGORITHM2_3;FORMULA_2_3_2;Intermediate.NumberOfRetransmissionSites;Number of retransmission sites calculation;unit;1;10;1;2.00;IM;IM;;;
METHOD2;ALGORITHM2_3;FORMULA_2_3_3;InitialDataRadio.RTSDevicesCost;Internal RTS devices subassembly cost ;currency unit/unit;0;2000;10;665.00;ID;ID;4;47;
METHOD2;ALGORITHM2_3;FORMULA_2_3_3;Intermediate.NumberOfRepeaters;Number of repeaters by selected technology;unit;0;10;1;2.00;IM;IM;;;
METHOD2;ALGORITHM2_3;FORMULA_2_3_3;InitialDataRadio.NumberOfTerminals;Number of terminal RTS by selected technology;unit;0;10;1;2.00;ID;ID;5;48;
METHOD2;ALGORITHM2_3;FORMULA_2_3_4;InitialDataRadio.AFDCost;Internal RTS antenna feeder devices subassembly cost;currency unit/unit;0;1000;10;209.00;ID;ID;6;49;
METHOD2;ALGORITHM2_3;FORMULA_2_3_4;Intermediate.NumberOfRepeaters;Number of repeaters by selected technology;unit;0;10;1;2.00;IM;IM;;;
METHOD2;ALGORITHM2_3;FORMULA_2_3_4;InitialDataRadio.NumberOfTerminals;Number of terminal RTS by selected technology;unit;0;10;1;2.00;IM;IM;;;
METHOD2;ALGORITHM2_3;FORMULA_2_3_5;InitialDataRadio.PylonCost;Main material cost for one RTS pylon construction ;currency unit/unit;0;2000;10;1095.00;ID;ID;7;50;
METHOD2;ALGORITHM2_3;FORMULA_2_3_5;Intermediate.NumberOfRepeaters;Number of repeaters by selected technology;unit;0;10;1;2.00;IM;IM;;;
METHOD2;ALGORITHM2_3;FORMULA_2_3_5;InitialDataRadio.NumberOfTerminals;Number of terminal RTS by selected technology;unit;0;10;1;2.00;IM;IM;;;
METHOD2;ALGORITHM2_3;FORMULA_2_3_6;InitialDataRadio.GeoPylonCost;Cost norms for geodetic work at RTS pylon location;currency unit/hour;0;20;0.1;4.48;ID;ID;8;51;
METHOD2;ALGORITHM2_3;FORMULA_2_3_6;Intermediate.NumberOfRepeaters;Number of repeaters by selected technology;unit;0;10;1;2.00;IM;IM;;;
METHOD2;ALGORITHM2_3;FORMULA_2_3_6;InitialDataRadio.NumberOfTerminals;Number of terminal RTS by selected technology;unit;0;10;1;2.00;IM;IM;;;
METHOD2;ALGORITHM2_3;FORMULA_2_3_6;InitialDataRadio.LaborNormsGeoPylon;Labor cost norms for geodetic work at RTS pylon location ;hour/unit;0;1000;10;67.00;ID;ID;9;52;
METHOD2;ALGORITHM2_3;FORMULA_2_3_7;InitialDataRadio.PylonConstractionCost;Cost norms for one pylon construction of RTS antenna feeder devices;currency unit/hour;0;20;0.1;3.09;ID;ID;10;53;
METHOD2;ALGORITHM2_3;FORMULA_2_3_7;Intermediate.NumberOfRepeaters;Number of repeaters by selected technology;unit;0;10;1;2.00;IM;IM;;;
METHOD2;ALGORITHM2_3;FORMULA_2_3_7;InitialDataRadio.NumberOfTerminals;Number of terminal RTS by selected technology;unit;0;10;1;2.00;IM;IM;;;
METHOD2;ALGORITHM2_3;FORMULA_2_3_7;InitialDataRadio.LaborNormsPylon;Labor cost norms for pylon construction of RTS antenna feeder devices;hour/unit;0;100;1;87.80;ID;ID;11;54;
METHOD2;ALGORITHM2_3;FORMULA_2_3_8;InitialDataRadio.CostNormsAFD;Cost norms for antenna feeder devices installation and commissioning for one RTS;currency unit/hour;0;20;0.1;2.39;ID;ID;12;55;
METHOD2;ALGORITHM2_3;FORMULA_2_3_8;Intermediate.NumberOfRepeaters;Number of repeaters by selected technology;unit;0;10;1;2.00;IM;IM;;;
METHOD2;ALGORITHM2_3;FORMULA_2_3_8;InitialDataRadio.NumberOfTerminals;Number of terminal RTS by selected technology;unit;0;10;1;2.00;IM;IM;;;
METHOD2;ALGORITHM2_3;FORMULA_2_3_8;InitialDataRadio.LaborNormsAFDinst;Labor cost norms for antenna feeder devices installation and commissioning ;hour/unit;0;100;1;40.00;ID;ID;13;56;
METHOD2;ALGORITHM2_3;FORMULA_2_3_9;InitialDataRadio.CostAFDinst;Cost norms for internal devices installation and commissioning for one RTS;currency unit/hour;0;100;1;12.00;ID;ID;14;57;
METHOD2;ALGORITHM2_3;FORMULA_2_3_9;Intermediate.NumberOfRepeaters;Number of repeaters by selected technology;unit;0;10;1;2.00;IM;IM;;;
METHOD2;ALGORITHM2_3;FORMULA_2_3_9;InitialDataRadio.NumberOfTerminals;Number of terminal RTS by selected technology;unit;0;10;1;2.00;IM;IM;;;
METHOD2;ALGORITHM2_3;FORMULA_2_3_9;InitialDataRadio.LaborNormsInternalRTS;Labor cost norms for internal RTS devices installation and commissioning ;hour/unit;0;100;1;40.00;ID;ID;15;58;
METHOD2;ALGORITHM2_3;FORMULA_2_3_10;InitialDataRadio.CostDesing;Cost norms for design solutions coordination on one RTS construction;currency unit/hour;0;20;1;10.34;ID;ID;16;59;
METHOD2;ALGORITHM2_3;FORMULA_2_3_10;InitialDataRadio.LaborNormsDesign;Labor cost norms for design solutions coordination on RTS construction;hour/unit;0;20;1;0.00;ID;ID;17;60;
METHOD2;ALGORITHM2_3;FORMULA_2_3_11;Intermediate.CostOfAllAFDInstall;Total cost for all antenna feeder devices installation and commissioning for along RTS route;currency unit;0;100000;10;1000.00;IM;IM;;;
METHOD2;ALGORITHM2_3;FORMULA_2_3_11;Intermediate.CostOfAllDevicesInstall;Total cost for internal devices installation and commissioning for RTS;currency unit;0;100000;10;1000.00;IM;IM;;;
METHOD2;ALGORITHM2_3;FORMULA_2_3_11;Intermediate.CostOfAllPylonsInstall;Total cost for pylon construction of RTS antenna feeder devices;currency unit;0;100000;10;1000.00;IM;IM;;;
METHOD2;ALGORITHM2_3;FORMULA_2_3_11;InitialDataRadio.DesignCoeff;Coefficient of design cost work from the overall cost of RTS;coeff;0;0.5;0.01;0.05;ID;ID;;;
METHOD2;ALGORITHM2_3;FORMULA_2_3_12;InitialDataRadio.BandwidthToFrequencyCoeff;Coefficient of conversion required bandwidth of RTS channel to the width of frequency channel required to its implementation considering frequency band, modulation used, estimated power of transmitter, sensitivity of receiver etc. (allows to convert Mbps of throughput to MHz of frequency channel);coeff;0;1;0.01;0.20;ID;ID;;;
METHOD2;ALGORITHM2_3;FORMULA_2_3_12;SchoolSpecificData.RequiredBandwidth;Required capacity to meet object (locality) requirements;Mbit/s;0;1000;1;100.00;ID;ID;;;
METHOD2;ALGORITHM2_3;FORMULA_2_3_13;Intermediate.WidthFrequencyChannel;Width of frequency channel required for implementation of RTS channel of required bandwidth (throughput) per one RTS channel;MHz;0;100;1;20.00;IM;IM;;;
METHOD2;ALGORITHM2_3;FORMULA_2_3_13;InitialDataRadio.BasicSpectrumFee;Basic unit spectrum fee for 1MHz band that paid once (in the process of RTS commissioning);currency unit;0;100000;10;1000.00;ID;ID;;;
METHOD2;ALGORITHM2_3;FORMULA_2_3_14;Intermediate.SpectrumCostPerTransmitter;Spectrum licensing cost per transmitter (end-terminals and repeaters);currency unit;0;100000;10;1000.00;IM;IM;;;
METHOD2;ALGORITHM2_3;FORMULA_2_3_14;Intermediate.NumberOfRepeaters;Number of repeaters by selected technology;unit;0;10;1;2.00;IM;IM;;;
METHOD2;ALGORITHM2_3;FORMULA_2_3_14;InitialDataRadio.NumberOfTerminals;Number of terminal RTS by selected technology;unit;0;10;1;2.00;IM;IM;;;
METHOD2;ALGORITHM2_3;FORMULA_2_3_15;Intermediate.CostOfAllAFDInstall;Total cost for all antenna feeder devices installation and commissioning for along RTS route;currency unit;0;100000;10;1000.00;IM;IM;;;
METHOD2;ALGORITHM2_3;FORMULA_2_3_15;Intermediate.CostOfAllDevicesInstall;Total cost for internal devices installation and commissioning for RTS;currency unit;0;100000;10;1000.00;IM;IM;;;
METHOD2;ALGORITHM2_3;FORMULA_2_3_15;Intermediate.CostOfAllPylonsInstall;Total cost for pylon construction of RTS antenna feeder devices;currency unit;0;100000;10;1000.00;IM;IM;;;
METHOD2;ALGORITHM2_3;FORMULA_2_3_15;Intermediate.CostOfInternalDevices;Internal RTS devices total cost ;currency unit;0;100000;10;1000.00;IM;IM;;;
METHOD2;ALGORITHM2_3;FORMULA_2_3_15;Intermediate.CostOfAFDUnits;Antenna feeder devices total cost ;currency unit;0;100000;10;1000.00;IM;IM;;;
METHOD2;ALGORITHM2_3;FORMULA_2_3_15;Intermediate.CostOfPylonsMaterials;Main material total cost for RTS pylon construction;currency unit;0;100000;10;1000.00;IM;IM;;;
METHOD2;ALGORITHM2_3;FORMULA_2_3_15;Intermediate.CostOfDesign;Design cost;currency unit;0;100000;10;1000.00;IM;IM;;;
METHOD2;ALGORITHM2_3;FORMULA_2_3_15;Intermediate.CostOfDesignSolutions;Total cost for design solutions coordination on RTS construction;currency unit;0;100000;10;1000.00;IM;IM;;;
METHOD2;ALGORITHM2_3;FORMULA_2_3_15;Intermediate.SpectrumLicenseCost;Spectrum licensing cost for whole channel;currency unit;0;100000;10;1000.00;IM;IM;;;
METHOD2;ALGORITHM2_3;FORMULA_2_3_15;Intermediate.CostOfGeodeticWork;Total cost for geodetic work at RTS pylon location;currency unit;0;100000;10;1000.00;IM;IM;;;
METHOD2;ALGORITHM2_3;FORMULA_2_3_16;Intermediate.CostOfPylonsMaterials;Main material total cost for RTS pylon construction;currency unit;0;100000;10;1000.00;IM;IM;;;
METHOD2;ALGORITHM2_3;FORMULA_2_3_16;Intermediate.CostOfInternalDevices;Internal RTS devices total cost ;currency unit;0;100000;10;1000.00;IM;IM;;;
METHOD2;ALGORITHM2_3;FORMULA_2_3_16;Intermediate.CostOfAFDUnits;Antenna feeder devices total cost ;currency unit;0;100000;10;1000.00;IM;IM;;;
METHOD2;ALGORITHM2_4;ALL;;;;;;;;IM;;;;
METHOD2;ALGORITHM2_4;ALL;InitialDataRadio.MaximumLinkCapacity;Maximum capacity of RTS link by using few channels in parallel ;Mbit/s;0;10000;1;2000.00;ID;ID;;;
METHOD2;ALGORITHM2_4;FORMULA_2_4_1;InitialDataRadio.AnnualLaborPylon;Typical annual labor cost for RTS pylon maintenance;hour/unit;0;100;1;58.00;ID;ID;2;61;
METHOD2;ALGORITHM2_4;FORMULA_2_4_1;InitialDataRadio.CostLaborPylonm;Typical cost for one RTS pylon maintenance;currency unit/hour;0;20;0.1;2.63;ID;ID;3;62;
METHOD2;ALGORITHM2_4;FORMULA_2_4_1;Intermediate.NumberOfRepeaters;Number of repeaters by selected technology;unit;0;10;1;2.00;ID;IM;1;;
METHOD2;ALGORITHM2_4;FORMULA_2_4_1;InitialDataRadio.NumberOfTerminals;Number of terminal RTS by selected technology;unit;0;10;1;2.00;ID;IM;4;;
METHOD2;ALGORITHM2_4;FORMULA_2_4_2;InitialDataRadio.AnnualLaborAFD;Typical annual labor cost for antenna feeder devices maintenance ;hour/unit;0;20;1;16.00;ID;ID;5;63;
METHOD2;ALGORITHM2_4;FORMULA_2_4_2;InitialDataRadio.CostLaborAFDm;Typical cost for antenna feeder devices maintenance for one RTS ;currency unit/hour;0;20;1;12.00;ID;ID;6;64;
METHOD2;ALGORITHM2_4;FORMULA_2_4_2;Intermediate.NumberOfRepeaters;Number of repeaters by selected technology;unit;0;10;1;2.00;IM;IM;;;
METHOD2;ALGORITHM2_4;FORMULA_2_4_2;InitialDataRadio.NumberOfTerminals;Number of terminal RTS by selected technology;unit;0;10;1;2.00;IM;IM;;;
METHOD2;ALGORITHM2_4;FORMULA_2_4_3;InitialDataRadio.AnnualLaborRTS;Typical annual labor cost for internal RTS devices maintenance;hour/unit;0;100;1;24.00;ID;ID;7;65;
METHOD2;ALGORITHM2_4;FORMULA_2_4_3;InitialDataRadio.CostLaborRTSm;Typical cost for internal RTS devices maintenance;currency unit/hour;0;100;1;12.00;ID;ID;8;66;
METHOD2;ALGORITHM2_4;FORMULA_2_4_3;Intermediate.NumberOfRepeaters;Number of repeaters by selected technology;unit;0;10;1;2.00;IM;IM;;;
METHOD2;ALGORITHM2_4;FORMULA_2_4_3;InitialDataRadio.NumberOfTerminals;Number of terminal RTS by selected technology;unit;0;10;1;2.00;IM;IM;;;
METHOD2;ALGORITHM2_4;FORMULA_2_4_4;SchoolSpecificData.RequiredBandwidth;Required capacity to meet object (locality) requirements;Mbit/s;0;1000;1;100.00;ID;IM;;;
METHOD2;ALGORITHM2_4;FORMULA_2_4_4;InitialDataRadio.AnnualRentBand;Annual rent cost of 1 Mbit/s channel ;currency unit/year;0;100;1;1.00;ID;ID;;;
METHOD2;ALGORITHM2_4;FORMULA_2_4_5;Intermediate.WidthFrequencyChannel;Width of frequency channel required for implementation of RTS channel of required bandwidth (throughput) per one RTS channel;MHz;0;100;1;20.00;ID;IM;;;
METHOD2;ALGORITHM2_4;FORMULA_2_4_5;InitialDataRadio.AnnualSpectrumFee;Annual unit spectrum fee for 1MHz band that paid every year for the spectrum;currency unit/year;0;100000;10;1000.00;ID;ID;;;
METHOD2;ALGORITHM2_4;FORMULA_2_4_6;Intermediate.AnnualSpectrumCostPerTransmitter;Annual spectrum licensing cost per transmitter (end-terminals and repeaters);currency unit/year;0;100000;10;1000.00;IM;IM;;;
METHOD2;ALGORITHM2_4;FORMULA_2_4_6;Intermediate.NumberOfRepeaters;Number of repeaters by selected technology;unit;0;10;1;2.00;IM;IM;;;
METHOD2;ALGORITHM2_4;FORMULA_2_4_6;InitialDataRadio.NumberOfTerminals;Number of terminal RTS by selected technology;unit;0;10;1;2.00;IM;IM;;;
METHOD2;ALGORITHM2_4;FORMULA_2_4_7;Intermediate.TotalCostAllRTSm;Total cost for all RTS pylon maintenance;currency unit;0;100000;10;1000.00;IM;IM;;;
METHOD2;ALGORITHM2_4;FORMULA_2_4_7;Intermediate.TotalCostAllAFDm;Total cost for all RTS antenna feeder devices maintenance;currency unit;0;100000;10;1000.00;IM;IM;;;
METHOD2;ALGORITHM2_4;FORMULA_2_4_7;Intermediate.TotalCostAllInternalDm;Total cost for RTS internal devices maintenance;currency unit;0;100000;10;1000.00;IM;IM;;;
METHOD2;ALGORITHM2_4;FORMULA_2_4_7;Intermediate.CostOfInternetr;Total rent cost;currency unit/year;0;1000;1;100.00;IM;IM;;;
METHOD2;ALGORITHM2_4;FORMULA_2_4_7;Intermediate.AnnualSpectrumLicenseCost;Annual spectrum licensing cost for whole channel;currency unit/year;0;100000;10;1000.00;IM;IM;;;
METHOD2;ALGORITHM2_5;ALL;;;;;;;;IM;;;;
METHOD2;ALGORITHM2_5;ALL;InitialDataSatelite.MaximumLinkCapacity;Maximum capacity of saellite link by using few VSATs in parallel ;Mbit/s;0;100;1;50.00;ID;ID;;;
METHOD2;ALGORITHM2_5;FORMULA_2_5_1;SchoolSpecificData.RequiredBandwidth;Required capacity to meet object (locality) requirements;Mbit/s;0;1000;1;100.00;ID;ID;1;;
METHOD2;ALGORITHM2_5;FORMULA_2_5_1;InitialDataSatelite.ChannelCapacity;Communication channel capacity per single satellite Internet channel;Mbit/s;0;100;1;10.00;ID;ID;2;67;
METHOD2;ALGORITHM2_5;FORMULA_2_5_2;Intermediate.NumberVSATsets;Required number of VSAT sets;unit;0;10;1;2.00;IM;IM;;;
METHOD2;ALGORITHM2_5;FORMULA_2_5_2;InitialDataSatelite.CostOfOneVSAT;Cost of VSAT set;currency unit/unit;0;1000;10;500.00;ID;ID;3;68;
METHOD2;ALGORITHM2_5;FORMULA_2_5_2;InitialDataSatelite.CostOfOneVSATmat;Cost of basic materials for VSAT installation;currency unit/unit;0;2000;10;1200.00;ID;ID;4;69;
METHOD2;ALGORITHM2_5;FORMULA_2_5_3;Intermediate.NumberVSATsets;Required number of VSAT sets;unit;0;10;1;2.00;IM;IM;;;
METHOD2;ALGORITHM2_5;FORMULA_2_5_3;InitialDataSatelite.CostOfInstallVSAT;Typical cost of installation and configuration of one VSAT set;currency unit/hour;0;20;0.1;5.20;ID;ID;5;70;
METHOD2;ALGORITHM2_5;FORMULA_2_5_3;InitialDataSatelite.LaborOfInstallVSAT;Labor cost for installation and configuration of VSAT sets;hour/unit;0;100;1;57.60;ID;ID;6;71;
METHOD2;ALGORITHM2_5;FORMULA_2_5_4;Intermediate.CostOfVSATEqAndMat;Total cost of VSAT equipment and installation materials;currency unit;0;100000;10;1000.00;IM;IM;;;
METHOD2;ALGORITHM2_5;FORMULA_2_5_4;Intermediate.CostOfVSATInstallProcess;Total cost of installation and configuration of all VSAT sets;currency unit;0;100000;10;1000.00;IM;IM;;;
METHOD2;ALGORITHM2_5;FORMULA_2_5_4;InitialDataSatelite.CostOfEqCoeff;Coefficient of equipment and materials cost that taken into account for design cost calculation ;coeff;0;1;0.01;0.40;ID;ID;;;
METHOD2;ALGORITHM2_5;FORMULA_2_5_4;InitialDataSatelite.DesignCoeff;Coefficient of design cost work from the partial cost of VSAT sets and cost of installation;coeff;0;0.5;0.01;0.05;ID;ID;;;
METHOD2;ALGORITHM2_5;FORMULA_2_5_5;Intermediate.DesignVSATCost;Design cost;currency unit;0;100000;10;1000.00;IM;IM;;;
METHOD2;ALGORITHM2_5;FORMULA_2_5_5;Intermediate.CostOfVSATEqAndMat;Total cost of VSAT equipment and installation materials;currency unit;0;100000;10;1000.00;IM;IM;;;
METHOD2;ALGORITHM2_5;FORMULA_2_5_5;Intermediate.CostOfVSATInstallProcess;Total cost of installation and configuration of all VSAT sets;currency unit;0;100000;10;1000.00;IM;IM;;;
METHOD2;ALGORITHM2_6;ALL;;;;;;;;IM;;;;
METHOD2;ALGORITHM2_6;ALL;InitialDataSatelite.MaximumLinkCapacity;Maximum capacity of saellite link by using few VSATs in parallel ;Mbit/s;0;100;1;50.00;ID;ID;;;
METHOD2;ALGORITHM2_6;FORMULA_2_6_1;Intermediate.NumberVSATsets;Required number of VSAT sets;unit;0;10;1;2.00;ID;IM;1;;
METHOD2;ALGORITHM2_6;FORMULA_2_6_1;InitialDataSatelite.AnnualLaborOfServiceVSAT;Typical annual labor costs for the service of antenna-feeder devices;hour/unit;0;1000;10;16.00;ID;ID;2;72;
METHOD2;ALGORITHM2_6;FORMULA_2_6_1;InitialDataSatelite.CostOfServiceVSAT;Typical cost of one VSAT set maintenance;currency unit/hour;0;20;0.1;5.20;ID;ID;3;73;
METHOD2;ALGORITHM2_6;FORMULA_2_6_2;Intermediate.NumberVSATsets;Required number of VSAT sets;unit;0;10;1;2.00;IM;IM;;;
METHOD2;ALGORITHM2_6;FORMULA_2_6_2;SchoolSpecificData.RequiredBandwidth;Required capacity to meet object (locality) requirements;Mbit/s;0;1000;1;100.00;ID;IM;4;;
METHOD2;ALGORITHM2_6;FORMULA_2_6_2;InitialDataSatelite.AnnualRentBand;Annual rent cost of 1 Mbit/s channel ;currency unit/year;0;1000;1;846.70;ID;ID;5;74;
METHOD2;ALGORITHM2_6;FORMULA_2_6_3;Intermediate.CostOfVSATm;Total cost of VSAT sets maintenance;currency unit/year;0;1000;1;100.00;IM;IM;;;
METHOD2;ALGORITHM2_6;FORMULA_2_6_3;Intermediate.CostOfVSATr;Total rent cost;currency unit/year;0;1000;1;100.00;IM;IM;;;
METHOD2;ALGORITHM2_7;ALL;;;;;;;;;;;;
METHOD2;ALGORITHM2_7;FORMULA_2_7_1;Intermediate.NetIncome;Net Income;currency unit/year;0;1000000000;1000;1000000.00;IM;;;;
METHOD2;ALGORITHM2_7;FORMULA_2_7_1;Intermediate.CostOfOperation;Cost of the annual operation of middle-mile channel (Cost of the annual operation);currency unit/year;0;1000000000;1000;1000000.00;ID;;2;;
METHOD2;ALGORITHM2_7;FORMULA_2_7_1;PVOptionSet.ProfitTax;Corporate tax rate;%;0;100;1;18.00;ID;ID;5;6;
METHOD2;ALGORITHM2_7;FORMULA_2_7_1;Intermediate.CostOfEquipmentAndMaterials;Total cost of equipment, components and materials;currency unit;0;1000000000;1000;1000000.00;ID;;6;;
METHOD2;ALGORITHM2_7;FORMULA_2_7_1;AccessTechnologyOptionSet.AvrLifeTimeOfEqAndMat;Average lifetime of the equipment and materials;yer;1;50;1;10.00;ID;ID;8;58;
METHOD2;ALGORITHM2_7;FORMULA_2_7_2;Intermediate.NetIncome;Net Income;currency unit/year;0;1000000000;1000;1000000.00;IM;;;;
METHOD2;ALGORITHM2_7;FORMULA_2_7_2;Intermediate.CostOfOperation;Cost of the annual operation of middle-mile channel (Cost of the annual operation);currency unit/year;0;1000000000;1000;1000000.00;ID;;2;;
METHOD2;ALGORITHM2_7;FORMULA_2_7_2;Intermediate.CorporateTax;Corporate tax;currency unit/year;0;1000000000;1000;1000000.00;IM;;;;
METHOD2;ALGORITHM2_7;FORMULA_2_7_3;PVOptionSet.DiscountRate;Discount Rate;%;1;100;1;6.00;ID;ID;6;7;
METHOD2;ALGORITHM2_7;FORMULA_2_7_3;PVOptionSet.PaybackPeriod;Period of Investment Payback;year;1;50;1;5.00;ID;ID;7;8;
METHOD2;ALGORITHM2_7;FORMULA_2_7_3;Intermediate.CashFlow;Cash Flow;currency unit/year;0;1000000000;1000;1000000.00;IM;;;;
METHOD2;ALGORITHM2_7;FORMULA_2_7_4;Intermediate.DiscountedCF;Discounted cash flow;currency unit/year;0;1000000000;1000;1000000.00;IM;;;;
METHOD2;ALGORITHM2_7;FORMULA_2_7_4;Intermediate.TotalInvest;Total investment costs for construction of middle-mile channel (Total investment costs for the construction of access networks);currency unit;0;1000000000;1000;1000000.00;ID;;1;;
METHOD2;ALGORITHM2_8;ALL;;;;;;;;;;;;
METHOD2;ALGORITHM2_8;FORMULA_2_8_1;PowerInSchool.AverageOfPowerUsing;Average power level of equipment per 1 Mbps of external communication channel;Watt;0;500;10;30.00;ID;ID;;;
METHOD2;ALGORITHM2_8;FORMULA_2_8_1;SchoolSpecificData.RequiredBandwidth;Required capacity to meet object (locality) requirements;Mbit/s;0;1000;1;20.00;IM;IM;;;
METHOD2;ALGORITHM2_8;FORMULA_2_8_2;Intermediate.TotalRequiredPower;Total power to supply power to active network equipment in the school;Watt;0;30000;100;2000.00;IM;IM;;;
METHOD2;ALGORITHM2_8;FORMULA_2_8_2;PowerInSchool.TimeForSupplingOfEquipment;Time required for active network equipment to work during the day;hours;0;24;1;8.00;ID;ID;;;
METHOD2;ALGORITHM2_8;FORMULA_2_8_2;PowerInSchool.BatteryKPD;Battery efficiency;coeff;0;1;0.01;0.70;ID;ID;;;
METHOD2;ALGORITHM2_8;FORMULA_2_8_3;Intermediate.DailyNeedInEnergy;Daily need of school for electrical energy to power network equipment;Watt*hour;0;100000;100;8000.00;IM;IM;;;
METHOD2;ALGORITHM2_8;FORMULA_2_8_3;PowerInSchool.SolarPanelKPD;Solar panel efficiency;coeff;0;1;0.01;0.19;ID;ID;;;
METHOD2;ALGORITHM2_8;FORMULA_2_8_3;PowerInSchool.InsolationLevel;Daily insolation level (solar radiation power) in the school locality;kWatt*hour/m2;0;10;0.1;3.00;ID;ID;;;
METHOD2;ALGORITHM2_8;FORMULA_2_8_3;PowerInSchool.SolarPanelAngle;Estimated angle between the direction of the sun and the main direction of the roof of the educational institution;radians;0;90;1;0.00;ID;ID;;;
METHOD2;ALGORITHM2_8;FORMULA_2_8_3;PowerInSchool.SolarPanelArea;One solar panel area;square meters;0;5;0.1;1.76;ID;ID;;;
METHOD2;ALGORITHM2_8;FORMULA_2_8_4;Intermediate.NumberOfSolarPanels;Required number of solar panels;unit;0;100;1;4.00;IM;IM;;;
METHOD2;ALGORITHM2_8;FORMULA_2_8_4;PowerInSchool.NominalPowerOfOnePanel;Nominal power of one solar panel ;Watt;0;2000;10;375.00;ID;ID;;;
METHOD2;ALGORITHM2_8;FORMULA_2_8_5;Intermediate.PowerOfSchoolStation;Required power of school power station;Watt;0;50000;100;2500.00;IM;IM;;;
METHOD2;ALGORITHM2_8;FORMULA_2_8_5;PowerInSchool.CostOfInverterPerKW;The cost of inverter (power plant) per one kilowatt of power consumption, including cost of battery;currency unit/kWatt;0;5000;10;1778.50;ID;ID;;;
METHOD2;ALGORITHM2_8;FORMULA_2_8_5;Intermediate.NumberOfSolarPanels;Required number of solar panels;unit;0;100;1;4.00;IM;IM;;;
METHOD2;ALGORITHM2_8;FORMULA_2_8_5;PowerInSchool.CostOfSolarPanel;Cost of one solar panel;currency unit/unit;0;1000;10;143.00;ID;ID;;;
METHOD2;ALGORITHM2_8;FORMULA_2_8_5;PowerInSchool.AvCableLenPerPanel;Average cable length for connecting one solar panel;meter;0;50;1;5.00;ID;ID;;;
METHOD2;ALGORITHM2_8;FORMULA_2_8_5;PowerInSchool.CostOfElectroCable;Cost of electrical cable;currency unit/meter;0;20;0.1;0.75;ID;ID;;;
METHOD2;ALGORITHM2_8;FORMULA_2_8_5;PowerInSchool.CostOfSolarPanelMaterials;Additional materials for installation of one solar panel to the roof;currency unit/unit;0;20;0.1;25.00;ID;ID;;;
METHOD2;ALGORITHM2_8;FORMULA_2_8_6;Intermediate.NumberOfSolarPanels;Required number of solar panels;unit;0;100;1;4.00;IM;IM;;;
METHOD2;ALGORITHM2_8;FORMULA_2_8_6;PowerInSchool.LaborCostNormForInverterInst;Labor cost norms for the installation of a solar power plant (inverter);hour/unit;0;20;1;23.50;ID;ID;;;
METHOD2;ALGORITHM2_8;FORMULA_2_8_6;PowerInSchool.LaborCostNormForPanelInst;Labor cost norms for the installation of a solar panel;hour/unit;0;20;1;10.00;ID;ID;;;
METHOD2;ALGORITHM2_8;FORMULA_2_8_6;PowerInSchool.CostNormsOfElectro;Cost norms of installation and commissioning of a solar power plant and solar panels;currency unit/hour;0;20;0.1;5.00;ID;ID;;;
METHOD2;ALGORITHM2_9;ALL;;;;;;;;;;;;
METHOD2;ALGORITHM2_9;FORMULA_2_9_1;PowerInSchool.AnnualLaborCostNormsElectro;Annual labor cost norms for maintenance of a solar power plant (inverter) together with solar panels;hour/year;0;200;0.1;141.25;ID;ID;;;
METHOD2;ALGORITHM2_9;FORMULA_2_9_1;PowerInSchool.CostNormsOfElectro;Cost norms of maintenance of a solar power plant (inverter) together with solar panels;currency unit/hour;0;20;0.1;5.00;ID;ID;;;
METHOD2;ALGORITHM2_10;ALL;;;;;;;;IM;;;;
METHOD2;ALGORITHM2_10;ALL;InitialDataCellular.MaximumLinkCapacity;Maximum capacity of cellular link by using few modems in parallel ;Mbit/s;0;1000;1;100.00;ID;ID;;;
METHOD2;ALGORITHM2_10;FORMULA_2_10_1;SchoolSpecificData.RequiredBandwidth;Required bandwidth to connect school;Mbit/s;0;1000;1;100.00;ID;ID;1;;
METHOD2;ALGORITHM2_10;FORMULA_2_10_1;InitialDataCellular.ChannelCapacity;Communication channel capacity per single cellular channel;Mbit/s;0;100;1;20.00;ID;ID;2;67;
METHOD2;ALGORITHM2_10;FORMULA_2_10_2;Intermediate.NumberCellularsets;Required number of cellular (3G/4G modems) sets;unit;0;10;1;10.00;IM;IM;;;
METHOD2;ALGORITHM2_10;FORMULA_2_10_2;InitialDataCellular.CostOfOneCellular;Cost of cellular set (3G/4G modem);currency unit/unit;0;1000;10;100.00;ID;ID;3;68;
METHOD2;ALGORITHM2_10;FORMULA_2_10_2;InitialDataCellular.CostOfOneCellularmat;Cost of basic materials for cellular equipment installation;currency unit/unit;0;2000;10;10.00;ID;ID;4;69;
METHOD2;ALGORITHM2_10;FORMULA_2_10_3;Intermediate.NumberCellularsets;Required number of cellular (3G/4G modems) sets;unit;0;10;1;10.00;IM;IM;;;
METHOD2;ALGORITHM2_10;FORMULA_2_10_3;InitialDataCellular.CostOfInstallCellular;Typical cost of installation and configuration of one cellular set;currency unit/hour;0;20;0.1;5.20;ID;ID;5;70;
METHOD2;ALGORITHM2_10;FORMULA_2_10_3;InitialDataCellular.LaborOfInstallCellular;Labor cost for installation and configuration of cellular sets;hour/unit;0;100;1;5.00;ID;ID;6;71;
METHOD2;ALGORITHM2_10;FORMULA_2_10_4;Intermediate.CostOfCellularEqAndMat;Total cost of cellular equipment and installation materials;currency unit;0;100000;10;110.00;IM;IM;;;
METHOD2;ALGORITHM2_10;FORMULA_2_10_4;Intermediate.CostOfCellularInstallProcess;Total cost of installation and configuration of all cellular sets;currency unit;0;100000;10;200.00;IM;IM;;;
METHOD2;ALGORITHM2_10;FORMULA_2_10_4;InitialDataCellular.CostOfEqCoeff;Coefficient of equipment and materials cost that taken into account for design cost calculation ;coeff;0;1;0.01;0.40;ID;ID;;;
METHOD2;ALGORITHM2_10;FORMULA_2_10_4;InitialDataCellular.DesignCoeff;Coefficient of design cost work from the partial cost of cellular sets and cost of installation;coeff;0;0.5;0.01;0.05;ID;ID;;;
METHOD2;ALGORITHM2_10;FORMULA_2_10_5;Intermediate.DesignCellularCost;Design cost;currency unit;0;100000;10;50.00;IM;IM;;;
METHOD2;ALGORITHM2_10;FORMULA_2_10_5;Intermediate.CostOfCellularEqAndMat;Total cost of cellular equipment and installation materials;currency unit;0;100000;10;250.00;IM;IM;;;
METHOD2;ALGORITHM2_10;FORMULA_2_10_5;Intermediate.CostOfCellularInstallProcess;Total cost of installation and configuration of all cellular sets;currency unit;0;100000;10;300.00;IM;IM;;;
METHOD2;ALGORITHM2_11;ALL;;;;;;;;IM;;;;
METHOD2;ALGORITHM2_11;ALL;InitialDataCellular.MaximumLinkCapacity;Maximum capacity of cellular link by using few modems in parallel ;Mbit/s;0;1000;1;100.00;ID;ID;;;
METHOD2;ALGORITHM2_11;FORMULA_2_11_1;Intermediate.NumberCellularsets;Required number of cellular sets;unit;0;10;1;10.00;ID;IM;1;;
METHOD2;ALGORITHM2_11;FORMULA_2_11_1;InitialDataCellular.AnnualLaborOfServiceCellular;Typical annual labor costs for the service of antenna-feeder devices;hour/unit;0;1000;10;16.00;ID;ID;2;72;
METHOD2;ALGORITHM2_11;FORMULA_2_11_1;InitialDataCellular.CostOfServiceCellular;Typical cost of one cellular set maintenance;currency unit/hour;0;20;0.1;5.20;ID;ID;3;73;
METHOD2;ALGORITHM2_11;FORMULA_2_11_2;Intermediate.NumberCellularsets;Required number of cellular sets;unit;0;10;1;10.00;IM;IM;;;
METHOD2;ALGORITHM2_11;FORMULA_2_11_2;SchoolSpecificData.RequiredBandwidth;Required bandwidth to connect school;Mbit/s;0;1000;1;100.00;ID;IM;4;;
METHOD2;ALGORITHM2_11;FORMULA_2_11_2;InitialDataCellular.AnnualRentBand;Annual rent cost of 1 Mbit/s cellular channel ;currency unit/year;0;100;1;20.00;ID;ID;5;74;
METHOD2;ALGORITHM2_11;FORMULA_2_11_3;Intermediate.CostOfCellularm;Total cost of cellular sets maintenance;currency unit/year;0;1000;1;100.00;IM;IM;;;
METHOD2;ALGORITHM2_11;FORMULA_2_11_3;Intermediate.CostOfCellularr;Total rent cost;currency unit/year;0;1000;1;200.00;IM;IM;;;
METHOD2;ALGORITHM2_12;ALL;;;;;;;;;;;;
METHOD2;ALGORITHM2_12;FORMULA_2_12_1;SchoolSpecificData.RequiredBandwidth;Required capacity to meet object (locality) requirements;Mbit/s;0;1000;1;20.00;IM;IM;;;
METHOD2;ALGORITHM2_12;FORMULA_2_12_1;Intermediate.Technology;Technology used (0 - fiber, 1 - RTS);-;0;1;1;0.00;IM;IM;;;
METHOD2;ALGORITHM2_12;FORMULA_2_12_1;InitialDataFOCL.ChannelCapacity;Communication channel capacity per single fiber;Mbit/s;0;10000;1;1000.00;ID;ID;2;67;
METHOD2;ALGORITHM2_12;FORMULA_2_12_1;InitialDataRTS.ChannelCapacity;Communication channel capacity per one microwave link;Mbit/s;0;10000;1;1000.00;ID;ID;2;67;
METHOD2;ALGORITHM2_12;FORMULA_2_12_1;SchoolSpecificData.Length;The distance between the localities ;km;0;1000;1;100.00;ID;IM;;;
METHOD2;ALGORITHM2_12;FORMULA_2_12_1;InitialDataFOCL.TopographyCoeff;Road length deviation coefficient (relation of the road length to line of sight distance);coeff;0.0000000;1.0000000;0.0100000;0.0200000;ID;IM;;;
METHOD2;ALGORITHM2_12;FORMULA_2_12_2;InitialDataFOCL.ChannelCapacity;Communication channel capacity per single fiber;Mbit/s;0;10000;1;1000.00;ID;ID;2;67;
METHOD2;ALGORITHM2_12;FORMULA_2_12_2;SchoolSpecificData.RequiredBandwidth;Required capacity to meet object (locality) requirements;Mbit/s;0;1000;1;20.00;IM;IM;;;
METHOD2;ALGORITHM2_12;FORMULA_2_12_3;SchoolSpecificData.Length;The distance between the localities;km;0;1000;1;100.00;IM;IM;2;9;
METHOD2;ALGORITHM2_12;FORMULA_2_12_3;InitialDataFOCL.TopographyCoeff;Road length deviation coefficient (relation of the road length to line of sight distance);coeff;0.0000000;1.0000000;0.0100000;0.0200000;IM;IM;;;
METHOD2;ALGORITHM2_12;FORMULA_2_12_3;Intermediate.NumberOfUsedFibers;Number of fibers used to connect school;fibers;0;24;1;1.00;ID;ID;;;
METHOD2;ALGORITHM2_12;FORMULA_2_12_3;InitialDataFOCL.TotalFibersInTheCable;Total fibers in the fiber-optical cable line;fibers;0;24;1;8.00;ID;ID;;;
METHOD2;ALGORITHM2_12;FORMULA_2_12_4;Intermediate.FOCLSectionLengthCD;The average FOCL sections length requiring the construction of cable ducts;km;0;1000;1;20.00;IM;IM;;;
METHOD2;ALGORITHM2_12;FORMULA_2_12_4;InitialDataFOCL.TotalNumberOfCablesInDuct;Total number of cables in cable ducts;cables;0;10;1;5.00;ID;ID;;;
METHOD2;ALGORITHM2_12;FORMULA_2_12_5;Intermediate.TotalLengthOfFibersForRent;Total length of additional fibers that could be provided to rent;km;0;1000;1;200.00;IM;IM;;;
METHOD2;ALGORITHM2_12;FORMULA_2_12_5;Intermediate.TotalLengthOfDuctForRent;Total length of cable duct that could be provided to rent;km;0;1000;1;40.00;IM;IM;;;
METHOD2;ALGORITHM2_12;FORMULA_2_12_5;Intermediate.TotalExtraBandwidth;Extra bandwidth of channel (without Internet) that could be provided for rent;Mbps*km;0;1000;1;50.00;IM;IM;;;
METHOD2;ALGORITHM2_12;FORMULA_2_12_5;InitialDataFOCL.RentalCostForFibers;Rental cost for fibers;currency unit per km of fiber per year;0;10000;1;100.00;ID;ID;;;
METHOD2;ALGORITHM2_12;FORMULA_2_12_5;InitialDataFOCL.RentalCostForDuct;Rental cost for cable duct;currency unit per km of cable in duct per year;0;10000;1;100.00;ID;ID;;;
METHOD2;ALGORITHM2_12;FORMULA_2_12_5;InitialDataFOCL.AnnualRentChannelCost;Annual rent cost of 1 Mbit/s channel per km (without Internet);currency unit/year;0;100;0.01;0.01;ID;ID;;;
METHOD2;ALGORITHM2_12;FORMULA_2_12_5;InitialDataFOCL.DemandForFibers;Demand for fibers (as part of available capacity);coeff;0;1;0.01;0.10;ID;ID;;;
METHOD2;ALGORITHM2_12;FORMULA_2_12_5;InitialDataFOCL.DemandForDuct;Demand for cable duct (as part of available capacity);coeff;0;1;0.01;0.10;ID;ID;;;
METHOD2;ALGORITHM2_12;FORMULA_2_12_5;InitialDataFOCL.DemandForChannel;Demand for extra bandwidth (as part of available capacity);coeff;0;1;0.01;0.20;ID;ID;;;
METHOD2;ALGORITHM2_13;FORMULA_2_13_1;SchoolSpecificData.RequiredBandwidth;Required capacity to meet object (locality) requirements;Mbit/s;0;1000;1;20.00;IM;IM;;;
METHOD2;ALGORITHM2_13;FORMULA_2_13_1;InitialDataFOCL.AnnualRentBand;Annual rent cost of 1 Mbit/s channel ;currency unit/year;0;100;1;1.00;ID;ID;;;
METHOD2;ALGORITHM2_13;FORMULA_2_13_2;SchoolSpecificData.RequiredBandwidth;Required capacity to meet object (locality) requirements;Mbit/s;0;1000;1;20.00;IM;IM;;;
METHOD2;ALGORITHM2_13;FORMULA_2_13_2;InitialDataCellular.AnnualRentBand;Annual rent cost of 1 Mbit/s channel ;currency unit/year;0;100;1;1.00;ID;ID;;;
METHOD2;ALGORITHM2_13;FORMULA_2_13_3;SchoolSpecificData.RequiredBandwidth;Required capacity to meet object (locality) requirements;Mbit/s;0;1000;1;20.00;IM;IM;;;
METHOD2;ALGORITHM2_13;FORMULA_2_13_3;InitialDataSatelite.AnnualRentBand;Annual rent cost of 1 Mbit/s channel ;currency unit/year;0;1000;1;846.70;ID;ID;;;
METHOD2;ALGORITHM2_13;FORMULA_2_13_4;SchoolSpecificData.Length;The distance between the localities;km;0;1000;1;100.00;ID;ID;;;
METHOD2;ALGORITHM2_13;FORMULA_2_13_4;InitialDataFOCL.SimpleCAPEXPerKM;Simple CAPEX of FOCL laying per km;currency unit/km;0.00;20000.00;1.00;7000.00;ID;ID;;;
METHOD2;ALGORITHM2_13;FORMULA_2_13_5;SchoolSpecificData.Length;The distance between the localities;km;0;1000;1;100.00;ID;ID;;;
METHOD2;ALGORITHM2_13;FORMULA_2_13_5;SchoolSpecificData.RequiredBandwidth;Required capacity to meet object (locality) requirements;Mbit/s;0;1000;1;20.00;IM;IM;;;
METHOD2;ALGORITHM2_13;FORMULA_2_13_5;InitialDataFOCL.SimpleOPEXPerKM;Simple OPEX of FOCL operation per km;currency unit/km/year;0.00;2000.00;1.00;100.00;ID;ID;;;
METHOD2;ALGORITHM2_13;FORMULA_2_13_5;InitialDataFOCL.AnnualRentBand;Annual rent cost of 1 Mbit/s channel ;currency unit/year;0;100;1;1.00;ID;ID;;;
METHOD2;ALGORITHM2_13;FORMULA_2_13_6;SchoolSpecificData.Length;The distance between the localities;km;0;1000;1;100.00;ID;ID;;;
METHOD2;ALGORITHM2_13;FORMULA_2_13_6;InitialDataRadio.SimpleCAPEXPerKM;Simple CAPEX of RTS per km;currency unit/km;0.00;20000.00;1.00;300.00;ID;ID;;;
METHOD2;ALGORITHM2_13;FORMULA_2_13_7;SchoolSpecificData.Length;The distance between the localities;km;0;1000;1;100.00;ID;ID;;;
METHOD2;ALGORITHM2_13;FORMULA_2_13_7;SchoolSpecificData.RequiredBandwidth;Required capacity to meet object (locality) requirements;Mbit/s;0;1000;1;20.00;IM;IM;;;
METHOD2;ALGORITHM2_13;FORMULA_2_13_7;InitialDataRadio.SimpleOPEXPerKM;Simple OPEX of RTS operation per km;currency unit/km/year;0.00;2000.00;1.00;1000.00;ID;ID;;;
METHOD2;ALGORITHM2_13;FORMULA_2_13_7;InitialDataRadio.AnnualRentBand;Annual rent cost of 1 Mbit/s channel ;currency unit/year;0;100;1;1.00;ID;ID;;;
METHOD2;ALGORITHM2_13;FORMULA_2_13_8;InitialDataSatelite.SimpleCAPEX;Simple CAPEX per unit;currency unit/unit;0.00;2000.00;1.00;1000.00;ID;ID;;;
METHOD2;ALGORITHM2_13;FORMULA_2_13_9;SchoolSpecificData.RequiredBandwidth;Required capacity to meet object (locality) requirements;Mbit/s;0;1000;1;20.00;IM;IM;;;
METHOD2;ALGORITHM2_13;FORMULA_2_13_9;InitialDataSatelite.AnnualRentBand;Annual rent cost of 1 Mbit/s channel ;currency unit/year;0;1000;1;846.70;ID;ID;;;
METHOD2;ALGORITHM2_13;FORMULA_2_13_9;InitialDataSatelite.SimpleOPEX;Simple OPEX of VSAT operation;currency unit/unit/year;0.00;2000.00;1.00;1000.00;ID;ID;;;
METHOD2;ALGORITHM2_13;FORMULA_2_13_10;LastMileSimple.CellularBSCAPEXperUnit;Simple CAPEX for installation of cellular BS;currency unit/unit;0.00;2000.00;1.00;1000.00;ID;ID;;;
METHOD2;ALGORITHM2_13;FORMULA_2_13_11;LastMileSimple.CellularBSOPEXperUnit;Simple OPEX for operation of cellular BS;currency unit/unit/year;0.00;2000.00;1.00;1000.00;ID;ID;;;
METHOD2;ALGORITHM2_13;FORMULA_2_13_12;LastMileSimple.WiFICAPEXperUnit;Simple CAPEX for installation of WIFI AP;currency unit/unit;0.00;2000.00;1.00;1000.00;ID;ID;;;
METHOD2;ALGORITHM2_13;FORMULA_2_13_13;LastMileSimple.WiFIOPEXperUnit;Simple OPEX for operation of WIFI AP;currency unit/unit/year;0.00;2000.00;1.00;1000.00;ID;ID;;;
METHOD2;ALGORITHM2_13;FORMULA_2_13_14;LastMileSimple.EthernetCAPEXperUnit;Simple CAPEX for installation of Ethernet FX node;currency unit/unit;0.00;2000.00;1.00;1000.00;ID;ID;;;
METHOD2;ALGORITHM2_13;FORMULA_2_13_15;LastMileSimple.EthernetOPEXperUnit;Simple OPEX for operation of Ethernet FX node;currency unit/unit/year;0.00;2000.00;1.00;1000.00;ID;ID;;;
